Date,Confirmed,Deaths,Confirmed_daily,Deaths_daily,Confirmed_daily_seven_rolling,Deaths_daily_seven_rolling
2020-01-22,557,17,0,0,0,0
2020-01-23,657,18,100,1,0,0
2020-01-24,944,26,287,8,0,0
2020-01-25,1437,42,493,16,0,0
2020-01-26,2120,56,683,14,0,0
2020-01-27,2929,82,809,26,0,0
2020-01-28,5580,131,2651,49,718,16
2020-01-29,6169,133,589,2,802,17
2020-01-30,8237,171,2068,38,1083,22
2020-01-31,9927,213,1690,42,1283,27
2020-02-01,12038,259,2111,46,1514,31
2020-02-02,16787,362,4749,103,2095,44
2020-02-03,19887,426,3100,64,2423,49
2020-02-04,23899,492,4012,66,2617,52
2020-02-05,27644,564,3745,72,3068,62
2020-02-06,30806,634,3162,70,3224,66
2020-02-07,34400,719,3594,85,3496,72
2020-02-08,37131,806,2731,87,3585,78
2020-02-09,40162,906,3031,100,3339,78
2020-02-10,42771,1013,2609,107,3269,84
2020-02-11,44814,1113,2043,100,2988,89
2020-02-12,45232,1118,418,5,2513,79
2020-02-13,60384,1371,15152,253,4225,105
2020-02-14,66912,1523,6528,152,4645,115
2020-02-15,69055,1666,2143,143,4561,123
2020-02-16,71238,1770,2183,104,4439,123
2020-02-17,73273,1868,2035,98,4357,122
2020-02-18,75155,2008,1882,140,4334,128
2020-02-19,75655,2123,500,115,4346,144
2020-02-20,76216,2248,561,125,2262,125
2020-02-21,76846,2252,630,4,1419,104
2020-02-22,78608,2459,1762,207,1365,113
2020-02-23,78990,2470,382,11,1107,100
2020-02-24,79558,2630,568,160,898,109
2020-02-25,80412,2710,854,80,751,100
2020-02-26,81385,2771,973,61,819,93
2020-02-27,82730,2814,1345,43,931,81
2020-02-28,84154,2873,1424,59,1044,89
2020-02-29,86030,2943,1876,70,1060,69
2020-03-01,88410,2997,2380,54,1346,75
2020-03-02,90393,3086,1983,89,1548,65
2020-03-03,93004,3160,2611,74,1799,64
2020-03-04,95329,3255,2325,95,1992,69
2020-03-05,98046,3348,2717,93,2188,76
2020-03-06,101976,3461,3930,113,2546,84
2020-03-07,106122,3566,4146,105,2870,89
2020-03-08,109972,3807,3850,241,3080,116
2020-03-09,114299,3997,4327,190,3415,130
2020-03-10,119108,4273,4809,276,3729,159
2020-03-11,126628,4618,7520,345,4471,195
2020-03-12,133383,4930,6755,312,5048,226
2020-03-13,146673,5420,13290,490,6385,280
2020-03-14,157617,5843,10944,423,7356,325
2020-03-15,168876,6496,11259,653,8415,384
2020-03-16,183394,7178,14518,682,9871,454
2020-03-17,198691,7989,15297,811,11369,531
2020-03-18,216348,8907,17657,918,12817,613
2020-03-19,243464,10017,27116,1110,15726,727
2020-03-20,273008,11504,29544,1487,18048,869
2020-03-21,305423,13233,32415,1729,21115,1056
2020-03-22,339895,14919,34472,1686,24431,1203
2020-03-23,382799,16886,42904,1967,28486,1387
2020-03-24,424883,19201,42084,2315,32313,1602
2020-03-25,475998,22022,51115,2821,37093,1874
2020-03-26,537412,25058,61414,3036,41993,2149
2020-03-27,601349,28538,63937,3480,46906,2433
2020-03-28,670495,32374,69146,3836,52153,2734
2020-03-29,726726,35838,56231,3464,55262,2988
2020-03-30,791975,39895,65249,4057,58454,3287
2020-03-31,870403,44661,78428,4766,63646,3637
2020-04-01,951968,50714,81565,6053,67996,4099
2020-04-02,1034275,56593,82307,5879,70980,4505
2020-04-03,1118277,62818,84002,6225,73847,4897
2020-04-04,1178363,68781,60086,5963,72553,5201
2020-04-05,1250388,74091,72025,5310,74809,5465
2020-04-06,1324899,79957,74511,5866,76132,5723
2020-04-07,1393878,88306,68979,8349,74782,6235
2020-04-08,1475875,95132,81997,6826,74844,6345
2020-04-09,1562641,103003,86766,7871,75481,6630
2020-04-10,1649186,110565,86545,7562,75844,6821
2020-04-11,1724605,117084,75419,6519,78035,6900
2020-04-12,1843412,122922,118807,5838,84718,6976
2020-04-13,1915034,128975,71622,6053,84305,7003
2020-04-14,1999558,136189,84524,7214,86526,6840
2020-04-15,2077371,144551,77813,8362,85928,7060
2020-04-16,2171785,152026,94414,7475,87021,7003
2020-04-17,2259607,160597,87822,8571,87203,7147
2020-04-18,2337796,166983,78189,6386,87599,7128
2020-04-19,2414457,172419,76661,5436,81578,7071
2020-04-20,2490365,178322,75908,5903,82190,7050
2020-04-21,2566638,185709,76273,7387,81011,7074
2020-04-22,2648575,192772,81937,7063,81601,6889
2020-04-23,2731191,199676,82616,6904,79915,6807
2020-04-24,2815227,206617,84036,6941,79374,6574
2020-04-25,2898734,212567,83507,5950,80134,6512
2020-04-26,2969606,216860,70872,4293,79307,6349
2020-04-27,3040528,221730,70922,4870,78595,6201
2020-04-28,3116384,228524,75856,6794,78535,6116
2020-04-29,3193728,235484,77344,6960,77879,6102
2020-04-30,3277569,241546,83841,6062,78054,5981
2020-05-01,3366610,247086,89041,5540,78769,5781
2020-05-02,3444964,252954,78354,5868,78033,5770
2020-05-03,3519125,256815,74161,3861,78503,5708
2020-05-04,3596510,261181,77385,4366,79426,5636
2020-05-05,3676149,267419,79639,6238,79966,5556
2020-05-06,3766683,274166,90534,6747,81851,5526
2020-05-07,3855364,279841,88681,5675,82542,5471
2020-05-08,3945797,285765,90433,5924,82741,5526
2020-05-09,4030371,290382,84574,4617,83630,5347
2020-05-10,4105624,294434,75253,4052,83786,5374
2020-05-11,4181600,298258,75976,3824,83584,5297
2020-05-12,4266957,304137,85357,5879,84401,5245
2020-05-13,4351290,309590,84333,5453,83515,5061
2020-05-14,4446959,315235,95669,5645,84514,5056
2020-05-15,4543310,320957,96351,5722,85359,5027
2020-05-16,4637421,325507,94111,4550,86721,5018
2020-05-17,4715829,329094,78408,3587,87172,4951
2020-05-18,4804897,333226,89068,4132,89042,4995
2020-05-19,4900710,338357,95813,5131,90536,4889
2020-05-20,5006099,343748,105389,5391,93544,4880
2020-05-21,5111870,348701,105771,4953,94987,4781
2020-05-22,5219114,354391,107244,5690,96543,4776
2020-05-23,5323547,358772,104433,4381,98018,4752
2020-05-24,5416801,362256,93254,3484,100139,4737
2020-05-25,5504948,363762,88147,1506,100007,4362
2020-05-26,5597804,368384,92856,4622,99585,4290
2020-05-27,5700330,373744,102526,5360,99176,4285
2020-05-28,5819995,378794,119665,5050,101161,4299
2020-05-29,5941625,383955,121630,5161,103216,4223
2020-05-30,6077041,388246,135416,4291,107642,4211
2020-05-31,6180061,391387,103020,3141,109037,4162
2020-06-01,6280296,395023,100235,3636,110764,4466
2020-06-02,6403453,400307,123157,5284,115093,4560
2020-06-03,6514705,405976,111252,5669,116339,4605
2020-06-04,6652817,411408,138112,5432,118975,4659
2020-06-05,6786463,416538,133646,5130,120691,4655
2020-06-06,6915945,420638,129482,4100,119843,4627
2020-06-07,7026914,423764,110969,3126,120979,4625
2020-06-08,7129985,428095,103071,4331,121384,4725
2020-06-09,7256297,433202,126312,5107,121835,4699
2020-06-10,7393421,438638,137124,5436,125531,4666
2020-06-11,7529261,443725,135840,5087,125206,4617
2020-06-12,7656733,448457,127472,4732,124324,4560
2020-06-13,7790659,452864,133926,4407,124959,4604
2020-06-14,7922545,456522,131886,3658,127947,4680
2020-06-15,8047366,460508,124821,3986,131054,4630
2020-06-16,8191583,467638,144217,7130,133612,4919
2020-06-17,8334714,473117,143131,5479,134470,4926
2020-06-18,8477437,478443,142723,5326,135454,4960
2020-06-19,8658514,484794,181077,6351,143112,5191
2020-06-20,8844374,489232,185860,4438,150531,5195
2020-06-21,8937379,493820,93005,4588,144976,5328
2020-06-22,9079532,497614,142153,3794,147452,5301
2020-06-23,9247902,503191,168370,5577,150903,5079
2020-06-24,9419320,508663,171418,5472,154944,5078
2020-06-25,9598762,513746,179442,5083,160189,5043
2020-06-26,9791221,518822,192459,5076,161815,4861
2020-06-27,9967566,523516,176345,4694,160456,4898
2020-06-28,10136032,527091,168466,3575,171236,4753
2020-06-29,10288517,531108,152485,4017,172712,4785
2020-06-30,10472385,536343,183868,5235,174926,4736
2020-07-01,10687359,541720,214974,5377,181148,4722
2020-07-02,10891991,547195,204632,5475,184747,4778
2020-07-03,11094487,552434,202496,5239,186181,4802
2020-07-04,11284154,557196,189667,4762,188084,4811
2020-07-05,11470135,560995,185981,3799,190586,4843
2020-07-06,11637923,565214,167788,4219,192772,4872
2020-07-07,11847615,571595,209692,6381,196461,5036
2020-07-08,12062729,577225,215114,5630,196481,5072
2020-07-09,12286931,583029,224202,5804,199277,5119
2020-07-10,12520121,588771,233190,5742,203662,5191
2020-07-11,12732941,593874,212820,5103,206970,5240
2020-07-12,12925796,598161,192855,4287,207952,5309
2020-07-13,13119978,602539,194182,4378,211722,5332
2020-07-14,13341228,608526,221250,5987,213373,5276
2020-07-15,13570476,614423,229248,5897,215392,5314
2020-07-16,13815424,620588,244948,6165,218356,5366
2020-07-17,14052932,627582,237508,6994,218973,5544
2020-07-18,14288256,634080,235324,6498,222188,5744
2020-07-19,14500046,638971,211790,4891,224893,5830
2020-07-20,14708011,642893,207965,3922,226862,5765
2020-07-21,14951217,649249,243206,6356,229998,5818
2020-07-22,15226372,656622,275155,7373,236557,6028
2020-07-23,15506179,663262,279807,6640,241536,6096
2020-07-24,15789858,669717,283679,6455,248132,6019
2020-07-25,16039878,675792,250020,6075,250232,5959
2020-07-26,16251880,680145,212002,4353,250262,5882
2020-07-27,16485974,685422,234094,5277,253995,6076
2020-07-28,16750382,692366,264408,6944,257024,6160
2020-07-29,17020687,699019,270305,6653,256331,6057
2020-07-30,17302404,705765,281717,6746,256604,6072
2020-07-31,17590145,712354,287741,6589,257184,6091
2020-08-01,17836466,718356,246321,6002,256655,6081
2020-08-02,18067265,723008,230799,4652,259341,6123
2020-08-03,18273134,727807,205869,4799,255309,6055
2020-08-04,18538734,734978,265600,7171,255479,6087
2020-08-05,18813900,742360,275166,7382,256173,6192
2020-08-06,19100788,749183,286888,6823,256912,6203
2020-08-07,19383355,755920,282567,6737,256173,6224
2020-08-08,19648713,761937,265358,6017,258892,6226
2020-08-09,19881837,767106,233124,5169,259225,6300
2020-08-10,20114995,772469,233158,5363,263123,6380
2020-08-11,20380911,779101,265916,6632,263168,6303
2020-08-12,20655885,786048,274974,6947,263141,6241
2020-08-13,20946163,792840,290278,6792,263625,6237
2020-08-14,21253368,799421,307205,6581,267145,6214
2020-08-15,21502515,805439,249147,6018,264829,6215
2020-08-16,21712481,810225,209966,4786,261521,6160
2020-08-17,21925213,814842,212732,4617,258603,6053
2020-08-18,22184889,821893,259676,7051,257711,6113
2020-08-19,22462185,828302,277296,6409,258043,6036
2020-08-20,22733750,834739,271565,6437,255370,5986
2020-08-21,22995385,840476,261635,5737,248860,5865
2020-08-22,23259276,846274,263891,5798,250966,5834
2020-08-23,23461927,850586,202651,4312,249921,5766
2020-08-24,23689888,855405,227961,4819,252096,5795
2020-08-25,23935409,861970,245521,6565,250074,5725
2020-08-26,24216938,868511,281529,6541,250679,5744
2020-08-27,24504301,874717,287363,6206,252936,5711
2020-08-28,24788323,880534,284022,5817,256134,5723
2020-08-29,25049249,886339,260926,5805,255710,5724
2020-08-30,25268736,890600,219487,4261,258116,5716
2020-08-31,25532930,895016,264194,4416,263292,5659
2020-09-01,25799976,901614,267046,6598,266367,5663
2020-09-02,26081699,907908,281723,6294,266394,5628
2020-09-03,26367170,914006,285471,6098,266124,5613
2020-09-04,26668499,919857,301329,5851,268597,5618
2020-09-05,26942595,924962,274096,5105,270478,5518
2020-09-06,27171440,929078,228845,4116,271815,5497
2020-09-07,27388662,938684,217222,9606,265105,6238
2020-09-08,27635123,943817,246461,5133,262164,6029
2020-09-09,27920213,950075,285090,6258,262645,6024
2020-09-10,28224541,956075,304328,6000,265339,6010
2020-09-11,28540587,962068,316046,5993,267441,6030
2020-09-12,28829539,967111,288952,5043,269563,6021
2020-09-13,29077878,971055,248339,3944,272348,5997
2020-09-14,29344683,975643,266805,4588,279432,5280
2020-09-15,29625452,982216,280769,6573,284333,5486
2020-09-16,29930181,988076,304729,5860,287138,5429
2020-09-17,30245688,993715,315507,5639,288735,5377
2020-09-18,30572221,999566,326533,5851,290233,5357
2020-09-19,30865470,1004872,293249,5306,290847,5394
2020-09-20,31120345,1008828,254875,3956,291781,5396
2020-09-21,31379958,1013231,259613,4403,290754,5370
2020-09-22,31664541,1019388,284583,6157,291298,5310
2020-09-23,31976037,1025913,311496,6525,292265,5405
2020-09-24,32296990,1031593,320953,5680,293043,5411
2020-09-25,32627024,1037605,330034,6012,293543,5434
2020-09-26,32912811,1043037,285787,5432,292477,5452
2020-09-27,33159736,1046878,246925,3841,291342,5436
2020-09-28,33422170,1050951,262434,4073,291745,5389
2020-09-29,33704894,1057046,282724,6095,291479,5380
2020-09-30,34029080,1063488,324186,6442,293292,5368
2020-10-01,34348139,1072373,319059,8885,293021,5826
2020-10-02,34677414,1077969,329275,5596,292913,5766
2020-10-03,34974941,1082692,297527,4723,294590,5665
2020-10-04,35234912,1086683,259971,3991,296454,5686
2020-10-05,35545699,1093722,310787,7039,303361,6110
2020-10-06,35861625,1099576,315926,5854,308104,6076
2020-10-07,36210456,1105467,348831,5891,311625,5997
2020-10-08,36569609,1111833,359153,6366,317353,5637
2020-10-09,36929540,1118024,359931,6191,321732,5722
2020-10-10,37285319,1122904,355779,4880,330054,5745
2020-10-11,37574472,1127028,289153,4124,334223,5764
2020-10-12,37863592,1131078,289120,4050,331128,5337
2020-10-13,38182789,1136463,319197,5385,331595,5270
2020-10-14,38562868,1142654,380079,6191,336059,5312
2020-10-15,38969780,1148837,406912,6183,342882,5286
2020-10-16,39379895,1155025,410115,6188,350051,5286
2020-10-17,39752176,1160737,372281,5712,352408,5405
2020-10-18,40083148,1164590,330972,3853,358382,5366
2020-10-19,40456878,1169292,373730,4702,370469,5459
2020-10-20,40845321,1175943,388443,6651,380362,5640
2020-10-21,41284309,1182798,438988,6855,388777,5735
2020-10-22,41766204,1188695,481895,5897,399489,5694
2020-10-23,42259529,1195788,493325,7093,411376,5823
2020-10-24,42716464,1201651,456935,5863,423470,5845
2020-10-25,43075336,1205906,358872,4255,427455,5902
2020-10-26,43558104,1211520,482768,5614,443032,6033
2020-10-27,44025232,1218996,467128,7476,454273,6150
2020-10-28,44545397,1226179,520165,7183,465870,6197
2020-10-29,45095600,1233380,550203,7201,475628,6384
2020-10-30,45667520,1241057,571920,7677,486856,6467
2020-10-31,46140588,1247660,473068,6603,489161,6573
2020-11-01,46578413,1252779,437825,5119,500440,6696
2020-11-02,47124212,1258854,545799,6075,509444,6762
2020-11-03,47687439,1268427,563227,9573,523172,7062
2020-11-04,48179325,1278499,491886,10072,519133,7474
2020-11-05,48797426,1287166,618101,8667,528832,7684
2020-11-06,49418108,1296318,620682,9152,535798,7894
2020-11-07,50018687,1304068,600579,7750,554014,8058
2020-11-08,50508065,1310158,489378,6090,561379,8197
2020-11-09,51015418,1317391,507353,7233,555887,8362
2020-11-10,51584111,1327237,568693,9846,556667,8401
2020-11-11,52207978,1337787,623867,10550,575522,8470
2020-11-12,52849166,1347560,641188,9773,578820,8628
2020-11-13,53511432,1357352,662266,9792,584761,8719
2020-11-14,54098149,1366475,586717,9123,582780,8915
2020-11-15,54588232,1373087,490083,6612,582881,8990
2020-11-16,55110823,1380828,522591,7741,585058,9062
2020-11-17,55711730,1391876,600907,11048,589660,9234
2020-11-18,56333473,1403334,621743,11458,589356,9364
2020-11-19,56987275,1414453,653802,11119,591158,9556
2020-11-20,57662075,1426213,674800,11760,592949,9837
2020-11-21,58256749,1435353,594674,9140,594086,9840
2020-11-22,58755072,1442824,498323,7471,595263,9962
2020-11-23,59284353,1451132,529281,8308,596219,10043
2020-11-24,59875565,1463736,591212,12604,594834,10266
2020-11-25,60492652,1475890,617087,12154,594168,10365
2020-11-26,61086033,1486891,593381,11001,585537,10348
2020-11-27,61780326,1498394,694293,11503,588322,10312
2020-11-28,62388284,1507860,607958,9466,590219,10358
2020-11-29,62884434,1515172,496150,7312,589909,10335
2020-11-30,63386344,1523873,501910,8701,585999,10392
2020-12-01,64000159,1536532,613815,12659,589228,10399
2020-12-02,64639978,1549160,639819,12628,592475,10467
2020-12-03,65331254,1561779,691276,12619,606460,10698
2020-12-04,66028169,1574187,696915,12408,606835,10828
2020-12-05,66672388,1584737,644219,10550,612015,10982
2020-12-06,67216584,1592557,544196,7820,618879,11055
2020-12-07,67750014,1600972,533430,8415,623381,11014
2020-12-08,68380626,1613132,630612,12160,625781,10943
2020-12-09,69046486,1625916,665860,12784,629501,10965
2020-12-10,70543194,1638408,1496708,12492,744563,10947
2020-12-11,71251444,1651556,708250,13148,746182,11053
2020-12-12,71901650,1662469,650206,10913,747037,11105
2020-12-13,72441140,1670406,539490,7937,746365,11121
2020-12-14,72992271,1679234,551131,8828,748894,11180
2020-12-15,73639542,1692579,647271,13345,751274,11350
2020-12-16,74357765,1706670,718223,14091,758754,11536
2020-12-17,75096946,1719993,739181,13323,650536,11655
2020-12-18,75819294,1733005,722348,13012,652550,11636
2020-12-19,76455347,1744311,636053,11306,650528,11692
2020-12-20,77003179,1752546,547832,8235,651720,11734
2020-12-21,77549228,1761625,546049,9079,650994,11770
2020-12-22,78201068,1775566,651840,13941,651647,11855
2020-12-23,78883803,1789509,682735,13943,646577,11834
2020-12-24,79579153,1801705,695350,12196,640315,11673
2020-12-25,80098228,1810601,519075,8896,611276,11085
2020-12-26,80605026,1818041,506798,7440,592811,10533
2020-12-27,81017977,1825789,412951,7748,573543,10463
2020-12-28,81516474,1834888,498497,9099,566749,10466
2020-12-29,82187305,1849717,670831,14829,569462,10593
2020-12-30,82913042,1865432,725737,15715,575606,10846
2020-12-31,83753075,1879122,840033,13690,596275,11060
2021-01-01,84341129,1889077,588054,9955,606129,11211
2021-01-02,84921890,1897496,580761,8419,616695,11351
2021-01-03,85442114,1905134,520224,7638,632020,11335
2021-01-04,85998532,1914530,556418,9396,640294,11377
2021-01-05,86740208,1929931,741676,15401,650415,11459
2021-01-06,87531297,1944927,791089,14996,659751,11356
2021-01-07,88402136,1959982,870839,15055,664152,11551
2021-01-08,89238832,1975521,836696,15539,699672,12349
2021-01-09,89996683,1988855,757851,13334,724970,13051
2021-01-10,90598523,1997796,601840,8941,736630,13237
2021-01-11,91212596,2007354,614073,9558,744866,13261
2021-01-12,91904578,2024302,691982,16948,737767,13482
2021-01-13,92648667,2041022,744089,16720,731053,13728
2021-01-14,93409890,2056610,761223,15588,715393,13804
2021-01-15,94194314,2072243,784424,15633,707926,13817
2021-01-16,94852162,2086164,657848,13921,693640,13901
2021-01-17,95379938,2095253,527776,9089,683059,13922
2021-01-18,95896595,2104872,516657,9619,669143,13931
2021-01-19,96489830,2120725,593235,15853,655036,13775
2021-01-20,97176788,2138868,686958,18143,646874,13978
2021-01-21,97846151,2156151,669363,17283,633752,14220
2021-01-22,98510412,2172232,664261,16081,616585,14284
2021-01-23,99087798,2186850,577386,14618,605091,14384
2021-01-24,99549884,2195957,462086,9107,595707,14386
2021-01-25,100030792,2206362,480908,10405,590600,14499
2021-01-26,100592320,2224173,561528,17811,586070,14778
2021-01-27,101193735,2241615,601415,17442,573850,14678
2021-01-28,101808776,2258177,615041,16562,566089,14575
2021-01-29,102398247,2273979,589471,15802,555405,14535
2021-01-30,102913518,2287429,515271,13450,546531,14368
2021-01-31,103310123,2296527,396605,9098,537177,14367
2021-02-01,103752688,2306150,442565,9623,531699,14255
2021-02-02,104217880,2321484,465192,15334,517937,13902
2021-02-03,104743426,2337679,525546,16195,507099,13723
2021-02-04,105215449,2350625,472023,12946,486668,13207
2021-02-05,105752476,2367926,537027,17301,479176,13421
2021-02-06,106188323,2379783,435847,11857,467829,13193
2021-02-07,106540137,2387143,351814,7360,461431,12945
2021-02-08,106879564,2396212,339427,9069,446697,12866
2021-02-09,107286701,2411279,407137,15067,438403,12828
2021-02-10,107727017,2425448,440316,14169,426227,12538
2021-02-11,108171909,2439315,444892,13867,422351,12670
2021-02-12,108602636,2452310,430727,12995,407166,12055
2021-02-13,108983366,2463034,380730,10724,399292,11893
2021-02-14,109292190,2469761,308824,6727,393150,11803
2021-02-15,109572409,2477164,280219,7403,384692,11565
2021-02-16,109931831,2488491,359422,11327,377876,11030
2021-02-17,110318342,2500087,386511,11596,370189,10663
2021-02-18,110729640,2512001,411298,11914,365390,10384
2021-02-19,111139580,2523693,409940,11692,362421,10198
2021-02-20,111515230,2532767,375650,9074,361695,9962
2021-02-21,111834482,2539343,319252,6576,363185,9940
2021-02-22,112129135,2546356,294653,7013,365247,9885
2021-02-23,112522443,2558026,393308,11670,370087,9934
2021-02-24,112967480,2570562,445037,12536,378448,10068
2021-02-25,113421072,2581421,453592,10859,384490,9917
2021-02-26,113863138,2591996,442066,10575,389080,9758
2021-02-27,114260988,2600691,397850,8695,392251,9703
2021-02-28,114569813,2607029,308825,6338,390762,9669
2021-03-01,114874850,2614416,305037,7387,392245,9723
2021-03-02,115188425,2624772,313575,10356,380855,9535
2021-03-03,115630622,2636546,442197,11774,380449,9426
2021-03-04,116089417,2647015,458795,10469,381192,9371
2021-03-05,116539442,2657485,450025,10470,382329,9356
2021-03-06,116953953,2665755,414511,8270,384709,9295
2021-03-07,117327861,2671692,373908,5937,394007,9238
2021-03-08,117632319,2678717,304458,7025,393924,9186
2021-03-09,118046564,2689280,414245,10563,408306,9215
2021-03-10,118505479,2699457,458915,10177,410694,8987
2021-03-11,118995836,2709693,490357,10236,415203,8954
2021-03-12,119485614,2719584,489778,9891,420882,8871
2021-03-13,119941781,2728176,456167,8592,426833,8917
2021-03-14,120306971,2733988,365190,5812,425587,8899
2021-03-15,120659926,2741454,352955,7466,432515,8962
2021-03-16,121126545,2752081,466619,10627,439997,8972
2021-03-17,121672187,2762677,545642,10596,452387,9031
2021-03-18,122220797,2773399,548610,10722,460709,9101
2021-03-19,122784013,2784225,563216,10826,471200,9234
2021-03-20,123283226,2793008,499213,8783,477349,9262
2021-03-21,123722665,2801454,439439,8446,487956,9638
2021-03-22,124142574,2809326,419909,7872,497521,9696
2021-03-23,124649657,2820817,507083,11491,503302,9819
2021-03-24,125279444,2831499,629787,10682,515322,9832
2021-03-25,125931456,2843056,652012,11557,530094,9951
2021-03-26,126572141,2855824,640685,12768,541161,10228
2021-03-27,127157204,2866034,585063,10210,553425,10432
2021-03-28,127649180,2873284,491976,7250,560931,10261
2021-03-29,128108148,2881882,458968,8598,566511,10365
2021-03-30,128669690,2893798,561542,11916,574290,10426
2021-03-31,129344579,2906701,674889,12903,580734,10743
2021-04-01,130054616,2918988,710037,12287,589023,10847
2021-04-02,130699335,2929619,644719,10631,589599,10542
2021-04-03,131240249,2938932,540914,9313,583292,10414
2021-04-04,131799592,2946314,559343,7382,592916,10433
2021-04-05,132294751,2954562,495159,8248,598086,10383
2021-04-06,132901342,2967002,606591,12440,604522,10458
2021-04-07,133565619,2982385,664277,15383,603006,10812
2021-04-08,134401976,2996720,836357,14335,621051,11105
2021-04-09,135149458,3011092,747482,14372,635732,11639
2021-04-10,135820843,3024124,671385,13032,654371,12170
2021-04-11,136529367,3033212,708524,9088,675682,12414
2021-04-12,137142099,3043098,612732,9886,692478,12648
2021-04-13,137906430,3056919,764331,13821,715013,12845
2021-04-14,138719032,3071018,812602,14099,736202,12662
2021-04-15,139539495,3084676,820463,13658,733931,12565
2021-04-16,140399677,3098064,860182,13388,750031,12425
2021-04-17,141193459,3110669,793782,12605,767517,12364
2021-04-18,141893297,3119780,699838,9111,766276,12367
2021-04-19,142583039,3130880,689742,11100,777277,12540
2021-04-20,143422747,3145202,839708,14322,788045,12612
2021-04-21,144311955,3159936,889208,14734,798989,12703
2021-04-22,145211836,3173812,899881,13876,810334,12734
2021-04-23,146119369,3189079,907533,15267,817099,13002
2021-04-24,146943967,3202201,824598,13122,821501,13076
2021-04-25,147672696,3212951,728729,10750,825628,13310
2021-04-26,148360462,3224541,687766,11590,825346,13380
2021-04-27,149199958,3239557,839496,15016,825316,13479
2021-04-28,150098583,3255535,898625,15978,826661,13657
2021-04-29,150993610,3271268,895027,15733,825968,13922
2021-04-30,151885385,3285680,891775,14412,823717,13800
2021-05-01,152680343,3298710,794958,13030,819482,13787
2021-05-02,153367519,3309013,687176,10303,813546,13723
2021-05-03,154056690,3320659,689171,11646,813747,13731
2021-05-04,154842345,3334777,785655,14118,806055,13603
2021-05-05,155684714,3349654,842369,14877,798019,13446
2021-05-06,156557290,3364262,872576,14608,794811,13285
2021-05-07,157392278,3378783,834988,14521,786699,13300
2021-05-08,158181221,3392088,788943,13305,785840,13340
2021-05-09,158830526,3402507,649305,10419,780430,13356
2021-05-10,159455449,3413570,624923,11063,771251,13273
2021-05-11,160181621,3427762,726172,14192,762754,13284
2021-05-12,160949550,3441913,767929,14151,752119,13180
2021-05-13,161684855,3455377,735305,13464,732509,13016
2021-05-14,162394780,3468377,709925,13000,714643,12799
2021-05-15,163026598,3480647,631818,12270,692197,12651
2021-05-16,163573172,3490915,546574,10268,677521,12630
2021-05-17,164116235,3502229,543063,11314,665827,12666
2021-05-18,164736006,3516310,619771,14081,650626,12650
2021-05-19,165408800,3529788,672794,13478,637036,12554
2021-05-20,165690919,3542965,282119,13177,572295,12513
2021-05-21,166317397,3555935,626478,12970,560374,12508
2021-05-22,166890042,3567369,572645,11434,551921,12389
2021-05-23,167371567,3577194,481525,9825,542628,12326
2021-05-24,167822262,3586314,450695,9120,529432,12012
2021-05-25,168356595,3599276,534333,12962,517227,11852
2021-05-26,168925182,3612081,568587,12805,502340,11756
2021-05-27,169472359,3625015,547177,12934,540206,11721
2021-05-28,169977978,3637016,505619,12001,522940,11583
2021-05-29,170458538,3647820,480560,10804,509785,11493
2021-05-30,170848636,3656202,390098,8382,496724,11287
2021-05-31,171235461,3664871,386825,8669,487600,11222
2021-06-01,171695471,3680082,460010,15211,476982,11544
2021-06-02,172183117,3691980,487646,11898,465419,11414
2021-06-03,172663902,3702144,480785,10164,455935,11018
2021-06-04,173089139,3712787,425237,10643,444452,10824
2021-06-05,173486079,3722183,396940,9396,432506,10623
2021-06-06,173809303,3729461,323224,7278,422952,10466
2021-06-07,174130990,3737520,321687,8059,413647,10378
2021-06-08,174501789,3748170,370799,10650,400903,9727
2021-06-09,174920328,3758323,418539,10153,391030,9478
2021-06-10,175373823,3774292,453495,15969,387132,10307
2021-06-11,175796382,3786030,422559,11738,386749,10463
2021-06-12,176164980,3795834,368598,9804,382700,10522
2021-06-13,176467978,3805101,302998,9267,379811,10806
2021-06-14,176777436,3813079,309458,7978,378064,10794
2021-06-15,177152356,3823828,374920,10749,378652,10808
2021-06-16,177541331,3833886,388975,10058,374429,10795
2021-06-17,177937632,3843207,396301,9321,366258,9845
2021-06-18,178341062,3852407,403430,9200,363526,9482
2021-06-19,178689527,3860570,348465,8163,360650,9248
2021-06-20,178992964,3867304,303437,6734,360712,8886
2021-06-21,179289570,3874286,296606,6982,358876,8744
2021-06-22,179699866,3883209,410296,8923,363930,8483
2021-06-23,180096920,3892588,397054,9379,365084,8386
2021-06-24,180506291,3901240,409371,8652,366951,8290
2021-06-25,180924286,3910471,417995,9231,369032,8295
2021-06-26,181287479,3917993,363193,7522,371136,8203
2021-06-27,181598524,3924070,311045,6077,372223,8109
2021-06-28,181931639,3930616,333115,6546,377438,8047
2021-06-29,182313066,3938757,381427,8141,373314,7935
2021-06-30,182712486,3947956,399420,9199,373652,7910
2021-07-01,183148177,3956503,435691,8547,377412,7895
2021-07-02,183590581,3964846,442404,8343,380899,7768
2021-07-03,183965141,3971764,374560,6918,382523,7682
2021-07-04,184293366,3978382,328225,6618,384977,7759
2021-07-05,184670047,3985742,376681,7360,391201,7875
2021-07-06,185120673,3994232,450626,8490,401087,7925
2021-07-07,185585716,4002771,465043,8539,410461,7831
2021-07-08,186067519,4011679,481803,8908,417049,7882
2021-07-09,186581412,4020050,513893,8371,427262,7886
2021-07-10,187003460,4026651,422048,6601,434046,7841
2021-07-11,187374019,4034264,370559,7613,440093,7983
2021-07-12,187806270,4042328,432251,8064,448032,8084
2021-07-13,188332239,4050711,525969,8383,458795,8068
2021-07-14,188870189,4059318,537950,8607,469210,8078
2021-07-15,189446635,4067943,576446,8625,482731,8038
2021-07-16,190042655,4076686,596020,8743,494463,8091
2021-07-17,190533173,4084203,490518,7517,504245,8222
2021-07-18,190954486,4090742,421313,6539,511495,8068
2021-07-19,191440779,4097881,486293,7139,519216,7936
2021-07-20,191973342,4118607,532563,20726,520158,9699
2021-07-21,192529117,4127267,555775,8660,522704,9707
2021-07-22,193094481,4136039,565364,8772,521121,9728
2021-07-23,193822688,4144358,728207,8319,540005,9667
2021-07-24,194255794,4153052,433106,8694,531803,9836
2021-07-25,194702066,4160384,446272,7332,535369,9949
2021-07-26,195240235,4168797,538169,8413,542779,10131
2021-07-27,195846899,4178640,606664,9843,553365,8576
2021-07-28,196496923,4188793,650024,10153,566829,8789
2021-07-29,197139976,4199056,643053,10263,577928,9002
2021-07-30,197872571,4208607,732595,9551,578555,9178
2021-07-31,198391486,4217440,518915,8833,590813,9198
2021-08-01,198875665,4224807,484179,7367,596228,9203
2021-08-02,199443161,4232852,567496,8045,600418,9151
2021-08-03,200077681,4243256,634520,10404,604397,9231
2021-08-04,200758017,4253756,680336,10500,608728,9280
2021-08-05,201443373,4264706,685356,10950,614771,9379
2021-08-06,202263081,4275153,819708,10447,627216,9507
2021-08-07,202826624,4283820,563543,8667,633591,9483
2021-08-08,203296529,4291259,469905,7439,631552,9493
2021-08-09,203910612,4300015,614083,8756,638207,9595
2021-08-10,204556461,4311606,645849,11591,639826,9764
2021-08-11,205287051,4322122,730590,10516,647005,9767
2021-08-12,205993035,4332626,705984,10504,649952,9703
2021-08-13,206794999,4343083,801964,10457,647417,9704
2021-08-14,207352369,4351807,557370,8724,646535,9712
2021-08-15,207822568,4359219,470199,7412,646577,9709
2021-08-16,208477534,4368979,654966,9760,652417,9852
2021-08-17,209159680,4379748,682146,10769,657603,9735
2021-08-18,209895653,4390561,735973,10813,658372,9777
2021-08-19,210607624,4402001,711971,11440,659227,9911
2021-08-20,211392868,4412487,785244,10486,656838,9915
2021-08-21,211958726,4421394,565858,8907,658051,9941
2021-08-22,212412489,4429082,453763,7688,655703,9980
2021-08-23,213083549,4439029,671060,9947,658002,10007
2021-08-24,213760144,4450069,676595,11040,657209,10046
2021-08-25,214497353,4461417,737209,11348,657386,10122
2021-08-26,215233641,4473015,736288,11598,660860,10145
2021-08-27,215985195,4483359,751554,10344,656047,10125
2021-08-28,216551398,4491807,566203,8448,656096,10059
2021-08-29,217005390,4498545,453992,6738,656129,9923
2021-08-30,217659628,4508005,654238,9460,653726,9854
2021-08-31,218280898,4517214,621270,9209,645822,9592
2021-09-01,219000231,4529702,719333,12488,643268,9755
2021-09-02,219676549,4540913,676318,11211,634701,9700
2021-09-03,220400668,4551613,724119,10700,630782,9751
2021-09-04,220906759,4559352,506091,7739,622194,9649
2021-09-05,221362690,4565831,455931,6479,622471,9612
2021-09-06,221821940,4573840,459250,8009,594616,9405
2021-09-07,222478184,4584328,656244,10488,599612,9588
2021-09-08,223115208,4594429,637024,10101,587854,9247
2021-09-09,223755136,4605142,639928,10713,582655,9176
2021-09-10,224414378,4614334,659242,9192,573387,8960
2021-09-11,224892541,4622726,478163,8392,569397,9053
2021-09-12,225269501,4628306,376960,5580,558116,8925
2021-09-13,225831661,4637341,562160,9035,572817,9072
2021-09-14,226382316,4647239,550655,9898,557733,8987
2021-09-15,226949475,4657706,567159,10467,547752,9040
2021-09-16,227536585,4668180,587110,10474,540207,9005
2021-09-17,228159977,4677223,623392,9043,535086,8984
2021-09-18,228691015,4683766,531038,6543,542639,8720
2021-09-19,229060019,4689794,369004,6028,541503,8784
2021-09-20,229576329,4697932,516310,8138,534953,8656
2021-09-21,230065643,4707355,489314,9423,526190,8588
2021-09-22,230600342,4717094,534699,9739,521552,8484
2021-09-23,231148056,4726946,547714,9852,515924,8395
2021-09-24,231697328,4735665,549272,8719,505336,8349
2021-09-25,232077347,4741180,380019,5515,483762,8202
2021-09-26,232439247,4746649,361900,5469,482747,8122
2021-09-27,232909032,4754271,469785,7622,476100,8048
2021-09-28,233360421,4763667,451389,9396,470683,8045
2021-09-29,233851041,4772938,490620,9271,464386,7978
2021-09-30,234340438,4781771,489397,8833,456055,7832
2021-10-01,234862666,4790395,522228,8624,452191,7819
2021-10-02,235219823,4796358,357157,5963,448925,7883
2021-10-03,235534134,4800641,314311,4283,442127,7713
2021-10-04,235968653,4807688,434519,7047,437089,7631
2021-10-05,236391351,4815096,422698,7408,432990,7347
2021-10-06,236898796,4824263,507445,9167,435394,7332
2021-10-07,237360236,4833182,461440,8919,431400,7344
2021-10-08,237836322,4840732,476086,7550,424808,7191
2021-10-09,238183753,4845634,347431,4902,423419,7039
2021-10-10,238506140,4850329,322387,4695,424572,7098
2021-10-11,238880802,4856064,374662,5735,416021,6911
2021-10-12,239319201,4864132,438399,8068,418264,7005
2021-10-13,239776316,4873048,457115,8916,411074,6969
2021-10-14,240229852,4881003,453536,7955,409945,6832
2021-10-15,240688651,4888198,458799,7195,407476,6781
2021-10-16,241039445,4893557,350794,5359,407956,6846
2021-10-17,241359592,4897845,320147,4288,407636,6788
2021-10-18,241769765,4904250,410173,6405,412709,6884
2021-10-19,242201982,4912482,432217,8232,411826,6907
2021-10-20,242678202,4921159,476220,8677,414555,6873
2021-10-21,243140623,4928821,462421,7662,415824,6831
2021-10-22,243633498,4937006,492875,8185,420692,6973
2021-10-23,244017010,4942892,383512,5886,425366,7048
2021-10-24,244337844,4947423,320834,4531,425465,7083
2021-10-25,244764051,4954116,426207,6693,427755,7124
2021-10-26,245190193,4961902,426142,7786,426887,7060
2021-10-27,245704870,4971047,514677,9145,432381,7127
2021-10-28,246188053,4979941,483183,8894,435347,7303
2021-10-29,246684172,4987742,496119,7801,435811,7248
2021-10-30,247078252,4993808,394080,6066,437320,7274
2021-10-31,247441791,4998323,363539,4515,443421,7271
2021-11-01,247862939,5004550,421148,6227,442698,7205
2021-11-02,248267015,5011705,404076,7155,439546,7115
2021-11-03,248791446,5020142,524431,8437,440939,7014
2021-11-04,249311355,5027749,519909,7607,446186,6830
2021-11-05,249835638,5036379,524283,8630,450209,6948
2021-11-06,250273075,5043130,437437,6751,456403,7046
2021-11-07,250633834,5047630,360759,4500,456006,7044
2021-11-08,251104863,5054205,471029,6575,463132,7094
2021-11-09,251572196,5062306,467333,8101,472169,7229
2021-11-10,252149324,5070583,577128,8277,479697,7206
2021-11-11,252670145,5078264,520821,7681,479827,7216
2021-11-12,253268010,5087293,597865,9029,490339,7273
2021-11-13,253709049,5093750,441039,6457,490853,7231
2021-11-14,254087547,5098387,378498,4637,493388,7251
2021-11-15,254614006,5105091,526459,6704,501306,7269
2021-11-16,255119474,5112782,505468,7691,506754,7211
2021-11-17,255738287,5121983,618813,9201,512709,7343
2021-11-18,256359795,5130367,621508,8384,527093,7443
2021-11-19,256975937,5138374,616142,8007,529704,7297
2021-11-20,257476267,5144616,500330,6242,538174,7267
2021-11-21,257896926,5149188,420659,4572,544197,7257
2021-11-22,258498491,5156226,601565,7038,554926,7305
2021-11-23,259088786,5164266,590295,8040,567045,7355
2021-11-24,259749821,5172889,661035,8623,573076,7272
2021-11-25,260348236,5180720,598415,7831,569777,7193
2021-11-26,260958536,5187603,610300,6883,568943,7033
2021-11-27,261442001,5193759,483465,6156,566533,7020
2021-11-28,261872471,5198598,430470,4839,567935,7059
2021-11-29,262503351,5206035,630880,7437,572123,7116
2021-11-30,263103570,5214076,600219,8041,573541,7116
2021-12-01,263808393,5223401,704823,9325,579796,7216
2021-12-02,264514416,5233564,706023,10163,595169,7549
2021-12-03,265243812,5242115,729396,8551,612182,7787
2021-12-04,265779007,5247925,535195,5810,619572,7738
2021-12-05,266238363,5255326,459356,7401,623699,8104
2021-12-06,266837354,5262171,598991,6845,619143,8019
2021-12-07,267477689,5270013,640335,7842,624874,7991
2021-12-08,268190740,5278327,713051,8314,626050,7847
2021-12-09,268888034,5286892,697294,8565,624803,7618
2021-12-10,269581599,5294954,693565,8062,619684,7548
2021-12-11,270102238,5301315,520639,6361,617604,7627
2021-12-12,270557955,5305892,455717,4577,617085,7224
2021-12-13,271168627,5312131,610672,6239,618753,7137
2021-12-14,271806819,5319931,638192,7800,618447,7131
2021-12-15,272546235,5329015,739416,9084,622214,7241
2021-12-16,273288914,5336420,742679,7405,628697,7075
2021-12-17,274056452,5343698,767538,7278,639265,6963
2021-12-18,274626704,5349753,570252,6055,646352,6920
2021-12-19,275139094,5354168,512390,4415,654448,6897
2021-12-20,275875635,5360781,736541,6613,672430,6950
2021-12-21,276632039,5368447,756404,7666,689317,6931
2021-12-22,277542581,5378823,910542,10376,713764,7115
2021-12-23,278549328,5386072,1006747,7249,751488,7093
2021-12-24,279441137,5392175,891809,6103,769241,6925
2021-12-25,280143261,5396516,702124,4341,788080,6680
2021-12-26,280723328,5400289,580067,3773,797748,6589
2021-12-27,281991534,5406610,1268206,6321,873700,6547
2021-12-28,283318084,5414187,1326550,7577,955149,6534
2021-12-29,285014489,5422062,1696405,7875,1067415,6177
2021-12-30,286956973,5429648,1942484,7586,1201092,6225
2021-12-31,288702918,5436385,1745945,6737,1323112,6316
2022-01-01,289928499,5440821,1225581,4436,1397891,6329
2022-01-02,290848465,5444100,919966,3279,1446448,6259
2022-01-03,293207625,5449830,2359160,5730,1602299,6174
2022-01-04,295707620,5457794,2499995,7964,1769934,6230
2022-01-05,298281697,5465721,2574077,7927,1895315,6237
2022-01-06,300939650,5473352,2657953,7631,1997525,6243
2022-01-07,303883455,5480605,2943805,7253,2168648,6317
2022-01-08,306062481,5486154,2179026,5549,2304855,6476
2022-01-09,308098481,5490156,2036000,4002,2464288,6579
2022-01-10,311286657,5496572,3188176,6416,2582719,6677
2022-01-11,314318499,5505829,3031842,9257,2658697,6862
2022-01-12,317771465,5515029,3452966,9200,2784253,7044
2022-01-13,320953420,5523359,3181955,8330,2859110,7144
2022-01-14,324269276,5531354,3315856,7995,2912260,7250
2022-01-15,326766141,5537758,2496865,6404,2957666,7372
2022-01-16,328944049,5542128,2177908,4370,2977938,7425
2022-01-17,331605207,5548217,2661158,6089,2902650,7378
2022-01-18,335365768,5557505,3760561,9288,3006753,7382
2022-01-19,339454794,5567559,4089026,10054,3097618,7504
2022-01-20,343160300,5577247,3705506,9688,3172411,7698
2022-01-21,346995996,5587202,3835696,9955,3246674,7978
2022-01-22,349785095,5593449,2789099,6247,3288422,7956
2022-01-23,352241709,5598467,2456614,5018,3328237,8048
2022-01-24,355664142,5606968,3422433,8501,3436991,8393
2022-01-25,359315173,5617692,3651031,10724,3421344,8598
2022-01-26,362977513,5628287,3662340,10595,3360388,8675
2022-01-27,366733894,5638821,3756381,10534,3367656,8796
2022-01-28,370353940,5651060,3620046,12239,3336849,9123
2022-01-29,373094973,5659104,2741033,8044,3329983,9379
2022-01-30,375411593,5664764,2316620,5660,3309983,9471
2022-01-31,378898305,5674484,3486712,9720,3319166,9645
2022-02-01,382058803,5688480,3160498,13996,3249090,10113
2022-02-02,385247362,5700656,3188559,12176,3181407,10338
2022-02-03,388420043,5712365,3172681,11709,3098021,10506
2022-02-04,391364751,5725509,2944708,13144,3001544,10636
2022-02-05,393664575,5733888,2299824,8379,2938515,10683
2022-02-06,395536584,5739758,1872009,5870,2874999,10713
2022-02-07,398132675,5750605,2596091,10847,2747767,10874
2022-02-08,400757381,5763661,2624706,13056,2671225,10740
2022-02-09,403196058,5776954,2438677,13293,2564099,10900
2022-02-10,405975896,5788716,2779838,11762,2507979,10907
2022-02-11,408397574,5800898,2421678,12182,2433260,10770
2022-02-12,410316973,5809724,1919399,8826,2378914,10834
2022-02-13,411834455,5814923,1517482,5199,2328267,10738
2022-02-14,413533932,5825785,1699477,10862,2200180,10740
2022-02-15,415413492,5836502,1879560,10717,2093730,10406
2022-02-16,417650987,5849486,2237495,12984,2064990,10362
2022-02-17,419707976,5861869,2056989,12383,1961726,10450
2022-02-18,421687213,5872514,1979237,10645,1898520,10231
2022-02-19,423315769,5881022,1628556,8508,1856971,10185
2022-02-20,424641031,5886415,1325262,5393,1829511,10213
2022-02-21,426036968,5893583,1395937,7168,1786148,9685
2022-02-22,427749047,5903733,1712079,10150,1762222,9604
2022-02-23,429676087,5915748,1927040,12015,1717871,9466
2022-02-24,431444205,5926525,1768118,10777,1676604,9237
2022-02-25,433081005,5935378,1636800,8853,1627685,8981
2022-02-26,434510151,5941897,1429146,6519,1599197,8696
2022-02-27,435657010,5946387,1146859,4490,1573711,8567
2022-02-28,437015803,5954001,1358793,7614,1568405,8631
2022-03-01,438639552,5962176,1623749,8175,1555786,8349
2022-03-02,440300042,5970165,1660490,7989,1517708,7774
2022-03-03,442056325,5978342,1756283,8177,1516017,7402
2022-03-04,443810172,5986924,1753847,8582,1532738,7364
2022-03-05,445279837,5992605,1469665,5681,1538527,7244
2022-03-06,446492187,5996677,1212350,4072,1547882,7184
2022-03-07,447915024,6004209,1422837,7532,1557032,7173
2022-03-08,449665818,6011475,1750794,7266,1575181,7043
2022-03-09,451505161,6019271,1839343,7796,1600731,7015
2022-03-10,453366072,6026792,1860911,7521,1615678,6921
2022-03-11,455216502,6033268,1850430,6476,1629476,6621
2022-03-12,456964861,6037979,1748359,4711,1669289,6482
2022-03-13,458246184,6041327,1281323,3348,1679142,6379
2022-03-14,459875566,6046593,1629382,5266,1708649,6055
2022-03-15,461678072,6051908,1802506,5315,1716036,5776
2022-03-16,463901519,6058692,2223447,6784,1770908,5632
2022-03-17,465954428,6065766,2052909,7074,1798337,5568
2022-03-18,467868149,6071185,1913721,5419,1807378,5417
2022-03-19,469577252,6075019,1709103,3834,1801770,5291
2022-03-20,470647389,6078084,1070137,3065,1771601,5251
2022-03-21,472118029,6094399,1470640,16315,1748923,6829
2022-03-22,474093465,6099303,1975436,4904,1773628,6771
2022-03-23,475866103,6105144,1772638,5841,1709226,6636
2022-03-24,477617482,6110404,1751379,5260,1666151,6377
2022-03-25,479458583,6119371,1841101,8967,1655776,6884
2022-03-26,480815100,6122298,1356517,2927,1605407,6754
2022-03-27,481727049,6124662,911949,2364,1582809,6654
2022-03-28,483219734,6128734,1492685,4072,1585958,4905
2022-03-29,484968478,6133504,1748744,4770,1553573,4886
2022-03-30,486560758,6138489,1592280,4985,1527808,4764
2022-03-31,488406809,6143294,1846051,4805,1541332,4699
2022-04-01,489571518,6147833,1164709,4539,1444705,4066
2022-04-02,490616434,6150482,1044916,2649,1400191,4026
2022-04-03,491405149,6152101,788715,1619,1382586,3920
2022-04-04,492310289,6155027,905140,2926,1298651,3756
2022-04-05,493669057,6159243,1358768,4216,1242940,3677
2022-04-06,495122641,6166840,1453584,7597,1223126,4050
2022-04-07,496338419,6170907,1215778,4067,1133087,3945
2022-04-08,497531675,6175012,1193256,4105,1137165,3883
2022-04-09,498299996,6177309,768321,2297,1097652,3832
2022-04-10,498868313,6178789,568317,1480,1066166,3813
2022-04-11,499843502,6181737,975189,2948,1076173,3816
2022-04-12,500880363,6185040,1036861,3303,1030187,3685
2022-04-13,501920234,6189593,1039871,4553,971085,3250
2022-04-14,502892186,6193401,971952,3808,936252,3213
2022-04-15,503606396,6195647,714210,2246,867817,2948
2022-04-16,504155459,6197159,549063,1512,836495,2836
