Date,Country,Confirmed,Deaths,Confirmed_daily,Deaths_daily,Confirmed_daily_seven_rolling,Deaths_daily_seven_rolling
2020-01-22,Uzbekistan,0,0,0,0,0,0
2020-01-23,Uzbekistan,0,0,0,0,0,0
2020-01-24,Uzbekistan,0,0,0,0,0,0
2020-01-25,Uzbekistan,0,0,0,0,0,0
2020-01-26,Uzbekistan,0,0,0,0,0,0
2020-01-27,Uzbekistan,0,0,0,0,0,0
2020-01-28,Uzbekistan,0,0,0,0,0,0
2020-01-29,Uzbekistan,0,0,0,0,0,0
2020-01-30,Uzbekistan,0,0,0,0,0,0
2020-01-31,Uzbekistan,0,0,0,0,0,0
2020-02-01,Uzbekistan,0,0,0,0,0,0
2020-02-02,Uzbekistan,0,0,0,0,0,0
2020-02-03,Uzbekistan,0,0,0,0,0,0
2020-02-04,Uzbekistan,0,0,0,0,0,0
2020-02-05,Uzbekistan,0,0,0,0,0,0
2020-02-06,Uzbekistan,0,0,0,0,0,0
2020-02-07,Uzbekistan,0,0,0,0,0,0
2020-02-08,Uzbekistan,0,0,0,0,0,0
2020-02-09,Uzbekistan,0,0,0,0,0,0
2020-02-10,Uzbekistan,0,0,0,0,0,0
2020-02-11,Uzbekistan,0,0,0,0,0,0
2020-02-12,Uzbekistan,0,0,0,0,0,0
2020-02-13,Uzbekistan,0,0,0,0,0,0
2020-02-14,Uzbekistan,0,0,0,0,0,0
2020-02-15,Uzbekistan,0,0,0,0,0,0
2020-02-16,Uzbekistan,0,0,0,0,0,0
2020-02-17,Uzbekistan,0,0,0,0,0,0
2020-02-18,Uzbekistan,0,0,0,0,0,0
2020-02-19,Uzbekistan,0,0,0,0,0,0
2020-02-20,Uzbekistan,0,0,0,0,0,0
2020-02-21,Uzbekistan,0,0,0,0,0,0
2020-02-22,Uzbekistan,0,0,0,0,0,0
2020-02-23,Uzbekistan,0,0,0,0,0,0
2020-02-24,Uzbekistan,0,0,0,0,0,0
2020-02-25,Uzbekistan,0,0,0,0,0,0
2020-02-26,Uzbekistan,0,0,0,0,0,0
2020-02-27,Uzbekistan,0,0,0,0,0,0
2020-02-28,Uzbekistan,0,0,0,0,0,0
2020-02-29,Uzbekistan,0,0,0,0,0,0
2020-03-01,Uzbekistan,0,0,0,0,0,0
2020-03-02,Uzbekistan,0,0,0,0,0,0
2020-03-03,Uzbekistan,0,0,0,0,0,0
2020-03-04,Uzbekistan,0,0,0,0,0,0
2020-03-05,Uzbekistan,0,0,0,0,0,0
2020-03-06,Uzbekistan,0,0,0,0,0,0
2020-03-07,Uzbekistan,0,0,0,0,0,0
2020-03-08,Uzbekistan,0,0,0,0,0,0
2020-03-09,Uzbekistan,0,0,0,0,0,0
2020-03-10,Uzbekistan,0,0,0,0,0,0
2020-03-11,Uzbekistan,0,0,0,0,0,0
2020-03-12,Uzbekistan,0,0,0,0,0,0
2020-03-13,Uzbekistan,0,0,0,0,0,0
2020-03-14,Uzbekistan,0,0,0,0,0,0
2020-03-15,Uzbekistan,1,0,1,0,0,0
2020-03-16,Uzbekistan,6,0,5,0,1,0
2020-03-17,Uzbekistan,10,0,4,0,1,0
2020-03-18,Uzbekistan,15,0,5,0,2,0
2020-03-19,Uzbekistan,23,0,8,0,3,0
2020-03-20,Uzbekistan,33,0,10,0,5,0
2020-03-21,Uzbekistan,43,0,10,0,6,0
2020-03-22,Uzbekistan,43,0,0,0,6,0
2020-03-23,Uzbekistan,46,0,3,0,6,0
2020-03-24,Uzbekistan,50,0,4,0,6,0
2020-03-25,Uzbekistan,60,0,10,0,6,0
2020-03-26,Uzbekistan,75,0,15,0,7,0
2020-03-27,Uzbekistan,88,1,13,1,8,0
2020-03-28,Uzbekistan,104,2,16,1,9,0
2020-03-29,Uzbekistan,144,2,40,0,14,0
2020-03-30,Uzbekistan,149,2,5,0,15,0
2020-03-31,Uzbekistan,172,2,23,0,17,0
2020-04-01,Uzbekistan,181,2,9,0,17,0
2020-04-02,Uzbekistan,205,2,24,0,19,0
2020-04-03,Uzbekistan,227,2,22,0,20,0
2020-04-04,Uzbekistan,266,2,39,0,23,0
2020-04-05,Uzbekistan,342,2,76,0,28,0
2020-04-06,Uzbekistan,457,2,115,0,44,0
2020-04-07,Uzbekistan,520,2,63,0,50,0
2020-04-08,Uzbekistan,545,3,25,1,52,0
2020-04-09,Uzbekistan,582,3,37,0,54,0
2020-04-10,Uzbekistan,624,3,42,0,57,0
2020-04-11,Uzbekistan,767,4,143,1,72,0
2020-04-12,Uzbekistan,865,4,98,0,75,0
2020-04-13,Uzbekistan,998,4,133,0,77,0
2020-04-14,Uzbekistan,1165,4,167,0,92,0
2020-04-15,Uzbekistan,1302,4,137,0,108,0
2020-04-16,Uzbekistan,1349,4,47,0,110,0
2020-04-17,Uzbekistan,1405,4,56,0,112,0
2020-04-18,Uzbekistan,1490,5,85,1,103,0
2020-04-19,Uzbekistan,1565,5,75,0,100,0
2020-04-20,Uzbekistan,1627,5,62,0,90,0
2020-04-21,Uzbekistan,1678,6,51,1,73,0
2020-04-22,Uzbekistan,1716,7,38,1,59,0
2020-04-23,Uzbekistan,1758,7,42,0,58,0
2020-04-24,Uzbekistan,1804,8,46,1,57,1
2020-04-25,Uzbekistan,1862,8,58,0,53,0
2020-04-26,Uzbekistan,1869,8,7,0,43,0
2020-04-27,Uzbekistan,1904,8,35,0,40,0
2020-04-28,Uzbekistan,1939,8,35,0,37,0
2020-04-29,Uzbekistan,2002,9,63,1,41,0
2020-04-30,Uzbekistan,2039,9,37,0,40,0
2020-05-01,Uzbekistan,2086,9,47,0,40,0
2020-05-02,Uzbekistan,2118,9,32,0,37,0
2020-05-03,Uzbekistan,2149,10,31,1,40,0
2020-05-04,Uzbekistan,2189,10,40,0,41,0
2020-05-05,Uzbekistan,2207,10,18,0,38,0
2020-05-06,Uzbekistan,2233,10,26,0,33,0
2020-05-07,Uzbekistan,2298,10,65,0,37,0
2020-05-08,Uzbekistan,2325,10,27,0,34,0
2020-05-09,Uzbekistan,2349,10,24,0,33,0
2020-05-10,Uzbekistan,2418,10,69,0,38,0
2020-05-11,Uzbekistan,2486,10,68,0,42,0
2020-05-12,Uzbekistan,2519,10,33,0,45,0
2020-05-13,Uzbekistan,2612,11,93,1,54,0
2020-05-14,Uzbekistan,2645,11,33,0,50,0
2020-05-15,Uzbekistan,2686,11,41,0,52,0
2020-05-16,Uzbekistan,2738,11,52,0,56,0
2020-05-17,Uzbekistan,2753,12,15,1,48,0
2020-05-18,Uzbekistan,2791,13,38,1,44,0
2020-05-19,Uzbekistan,2855,13,64,0,48,0
2020-05-20,Uzbekistan,2939,13,84,0,47,0
2020-05-21,Uzbekistan,2964,13,25,0,46,0
2020-05-22,Uzbekistan,3028,13,64,0,49,0
2020-05-23,Uzbekistan,3115,13,87,0,54,0
2020-05-24,Uzbekistan,3164,13,49,0,59,0
2020-05-25,Uzbekistan,3189,13,25,0,57,0
2020-05-26,Uzbekistan,3290,14,101,1,62,0
2020-05-27,Uzbekistan,3369,14,79,0,61,0
2020-05-28,Uzbekistan,3444,14,75,0,69,0
2020-05-29,Uzbekistan,3468,14,24,0,63,0
2020-05-30,Uzbekistan,3546,14,78,0,62,0
2020-05-31,Uzbekistan,3623,15,77,1,66,0
2020-06-01,Uzbekistan,3702,15,79,0,73,0
2020-06-02,Uzbekistan,3760,15,58,0,67,0
2020-06-03,Uzbekistan,3843,16,83,1,68,0
2020-06-04,Uzbekistan,3939,16,96,0,71,0
2020-06-05,Uzbekistan,4007,16,68,0,77,0
2020-06-06,Uzbekistan,4094,17,87,1,78,0
2020-06-07,Uzbekistan,4331,17,237,0,101,0
2020-06-08,Uzbekistan,4440,18,109,1,105,0
2020-06-09,Uzbekistan,4520,18,80,0,109,0
2020-06-10,Uzbekistan,4623,19,103,1,111,0
2020-06-11,Uzbekistan,4741,19,118,0,115,0
2020-06-12,Uzbekistan,4869,19,128,0,123,0
2020-06-13,Uzbekistan,4966,19,97,0,125,0
2020-06-14,Uzbekistan,5080,19,114,0,107,0
2020-06-15,Uzbekistan,5263,19,183,0,118,0
2020-06-16,Uzbekistan,5493,19,230,0,139,0
2020-06-17,Uzbekistan,5682,19,189,0,151,0
2020-06-18,Uzbekistan,5767,19,85,0,147,0
2020-06-19,Uzbekistan,5946,19,179,0,154,0
2020-06-20,Uzbekistan,6153,19,207,0,170,0
2020-06-21,Uzbekistan,6315,19,162,0,176,0
2020-06-22,Uzbekistan,6461,19,146,0,171,0
2020-06-23,Uzbekistan,6662,19,201,0,167,0
2020-06-24,Uzbekistan,6990,19,328,0,187,0
2020-06-25,Uzbekistan,7177,20,187,1,201,0
2020-06-26,Uzbekistan,7427,20,250,0,212,0
2020-06-27,Uzbekistan,7682,20,255,0,218,0
2020-06-28,Uzbekistan,7948,22,266,2,233,0
2020-06-29,Uzbekistan,8222,23,274,1,252,1
2020-06-30,Uzbekistan,8503,26,281,3,263,1
2020-07-01,Uzbekistan,8781,26,278,0,256,1
2020-07-02,Uzbekistan,9078,27,297,1,272,1
2020-07-03,Uzbekistan,9396,29,318,2,281,1
2020-07-04,Uzbekistan,9708,31,312,2,289,2
2020-07-05,Uzbekistan,10020,34,312,3,296,2
2020-07-06,Uzbekistan,10362,37,342,3,306,2
2020-07-07,Uzbekistan,10838,41,476,4,334,2
2020-07-08,Uzbekistan,11092,45,254,4,330,3
2020-07-09,Uzbekistan,11564,51,472,6,355,3
2020-07-10,Uzbekistan,12027,54,463,3,376,4
2020-07-11,Uzbekistan,12513,57,486,3,401,4
2020-07-12,Uzbekistan,12997,60,484,3,425,4
2020-07-13,Uzbekistan,13591,64,594,4,461,4
2020-07-14,Uzbekistan,14085,67,494,3,464,4
2020-07-15,Uzbekistan,14581,71,496,4,498,4
2020-07-16,Uzbekistan,15066,75,485,4,500,3
2020-07-17,Uzbekistan,15607,79,541,4,511,4
2020-07-18,Uzbekistan,16186,83,579,4,525,4
2020-07-19,Uzbekistan,16752,87,566,4,536,4
2020-07-20,Uzbekistan,17149,90,397,3,508,4
2020-07-21,Uzbekistan,17881,95,732,5,542,4
2020-07-22,Uzbekistan,18379,98,498,3,543,4
2020-07-23,Uzbekistan,18986,103,607,5,560,4
2020-07-24,Uzbekistan,19360,106,374,3,536,4
2020-07-25,Uzbekistan,19952,111,592,5,538,4
2020-07-26,Uzbekistan,20531,116,579,5,540,4
2020-07-27,Uzbekistan,21209,121,678,5,580,4
2020-07-28,Uzbekistan,21699,124,490,3,545,4
2020-07-29,Uzbekistan,22585,131,886,7,601,5
2020-07-30,Uzbekistan,23271,136,686,5,612,5
2020-07-31,Uzbekistan,24009,141,738,5,664,5
2020-08-01,Uzbekistan,24783,147,774,6,690,5
2020-08-02,Uzbekistan,25336,151,553,4,686,5
2020-08-03,Uzbekistan,26066,157,730,6,694,5
2020-08-04,Uzbekistan,27047,165,981,8,764,6
2020-08-05,Uzbekistan,27793,171,746,6,744,6
2020-08-06,Uzbekistan,28315,175,522,4,721,6
2020-08-07,Uzbekistan,29057,181,742,6,721,6
2020-08-08,Uzbekistan,29652,187,595,6,696,6
2020-08-09,Uzbekistan,30609,194,957,7,753,6
2020-08-10,Uzbekistan,31304,200,695,6,748,6
2020-08-11,Uzbekistan,31747,204,443,4,671,6
2020-08-12,Uzbekistan,32654,211,907,7,694,6
2020-08-13,Uzbekistan,33323,216,669,5,715,6
2020-08-14,Uzbekistan,33821,220,498,4,681,6
2020-08-15,Uzbekistan,34528,225,707,5,697,5
2020-08-16,Uzbekistan,35329,232,801,7,674,5
2020-08-17,Uzbekistan,35702,236,373,4,628,5
2020-08-18,Uzbekistan,36352,242,650,6,658,5
2020-08-19,Uzbekistan,37112,248,760,6,637,5
2020-08-20,Uzbekistan,37547,252,435,4,603,5
2020-08-21,Uzbekistan,38074,260,527,8,608,6
2020-08-22,Uzbekistan,38532,267,458,7,572,6
2020-08-23,Uzbekistan,38946,273,414,6,517,6
2020-08-24,Uzbekistan,39348,280,402,7,521,6
2020-08-25,Uzbekistan,39641,284,293,4,470,6
2020-08-26,Uzbekistan,39964,291,323,7,407,6
2020-08-27,Uzbekistan,40447,298,483,7,414,7
2020-08-28,Uzbekistan,40720,302,273,4,378,6
2020-08-29,Uzbekistan,41067,307,347,5,362,6
2020-08-30,Uzbekistan,41424,313,357,6,354,6
2020-08-31,Uzbekistan,41893,320,469,7,364,6
2020-09-01,Uzbekistan,42127,323,234,3,355,6
2020-09-02,Uzbekistan,42437,327,310,4,353,5
2020-09-03,Uzbekistan,42688,331,251,4,320,5
2020-09-04,Uzbekistan,42998,338,310,7,325,5
2020-09-05,Uzbekistan,43293,343,295,5,318,5
2020-09-06,Uzbekistan,43587,347,294,4,309,5
2020-09-07,Uzbekistan,43893,352,306,5,286,5
2020-09-08,Uzbekistan,44281,358,388,6,308,5
2020-09-09,Uzbekistan,44930,366,649,8,356,6
2020-09-10,Uzbekistan,45473,370,543,4,398,6
2020-09-11,Uzbekistan,46160,377,687,7,452,6
2020-09-12,Uzbekistan,46721,384,561,7,490,6
2020-09-13,Uzbekistan,47287,390,566,6,529,6
2020-09-14,Uzbekistan,47836,396,549,6,563,6
2020-09-15,Uzbekistan,48429,402,593,6,593,6
2020-09-16,Uzbekistan,49015,407,586,5,584,6
2020-09-17,Uzbekistan,49627,413,612,6,593,6
2020-09-18,Uzbekistan,50253,419,626,6,585,6
2020-09-19,Uzbekistan,50992,427,739,8,610,6
2020-09-20,Uzbekistan,51640,433,648,6,622,6
2020-09-21,Uzbekistan,52070,437,430,4,605,6
2020-09-22,Uzbekistan,52685,442,615,5,608,6
2020-09-23,Uzbekistan,53275,444,590,2,609,5
2020-09-24,Uzbekistan,53834,446,559,2,601,5
2020-09-25,Uzbekistan,54392,449,558,3,591,4
2020-09-26,Uzbekistan,54819,452,427,3,547,4
2020-09-27,Uzbekistan,55320,458,501,6,526,4
2020-09-28,Uzbekistan,55776,460,456,2,529,3
2020-09-29,Uzbekistan,56354,466,578,6,524,3
2020-09-30,Uzbekistan,56717,470,363,4,492,4
2020-10-01,Uzbekistan,57190,471,473,1,479,4
2020-10-02,Uzbekistan,57454,472,264,1,437,3
2020-10-03,Uzbekistan,58238,477,784,5,488,4
2020-10-04,Uzbekistan,58612,480,374,3,470,3
2020-10-05,Uzbekistan,58946,485,334,5,453,4
2020-10-06,Uzbekistan,59343,489,397,4,427,3
2020-10-07,Uzbekistan,59579,491,236,2,409,3
2020-10-08,Uzbekistan,60026,496,447,5,405,4
2020-10-09,Uzbekistan,60342,498,316,2,413,4
2020-10-10,Uzbekistan,60776,502,434,4,363,4
2020-10-11,Uzbekistan,61098,505,322,3,355,4
2020-10-12,Uzbekistan,61319,509,221,4,339,3
2020-10-13,Uzbekistan,61642,511,323,2,328,3
2020-10-14,Uzbekistan,61950,514,308,3,339,3
2020-10-15,Uzbekistan,62278,518,328,4,322,3
2020-10-16,Uzbekistan,62588,520,310,2,321,3
2020-10-17,Uzbekistan,62809,522,221,2,290,3
2020-10-18,Uzbekistan,63124,525,315,3,289,3
2020-10-19,Uzbekistan,63523,531,399,6,315,3
2020-10-20,Uzbekistan,63831,534,308,3,313,3
2020-10-21,Uzbekistan,64010,534,179,0,294,3
2020-10-22,Uzbekistan,64439,540,429,6,309,3
2020-10-23,Uzbekistan,64724,542,285,2,305,3
2020-10-24,Uzbekistan,64923,544,199,2,302,3
2020-10-25,Uzbekistan,65307,549,384,5,312,3
2020-10-26,Uzbekistan,65667,552,360,3,306,3
2020-10-27,Uzbekistan,65881,556,214,4,293,3
2020-10-28,Uzbekistan,66141,558,260,2,304,3
2020-10-29,Uzbekistan,66392,561,251,3,279,3
2020-10-30,Uzbekistan,66628,563,236,2,272,3
2020-10-31,Uzbekistan,66932,566,304,3,287,3
2020-11-01,Uzbekistan,67156,570,224,4,264,3
2020-11-02,Uzbekistan,67254,571,98,1,227,3
2020-11-03,Uzbekistan,67553,574,299,3,239,3
2020-11-04,Uzbekistan,67779,577,226,3,234,3
2020-11-05,Uzbekistan,68009,579,230,2,231,3
2020-11-06,Uzbekistan,68139,579,130,0,216,2
2020-11-07,Uzbekistan,68367,581,228,2,205,2
2020-11-08,Uzbekistan,68730,585,363,4,225,2
2020-11-09,Uzbekistan,69027,588,297,3,253,2
2020-11-10,Uzbekistan,69027,588,0,0,211,2
2020-11-11,Uzbekistan,69397,591,370,3,231,2
2020-11-12,Uzbekistan,69560,593,163,2,222,2
2020-11-13,Uzbekistan,69754,594,194,1,231,2
2020-11-14,Uzbekistan,69987,594,233,0,231,2
2020-11-15,Uzbekistan,70243,598,256,4,216,2
2020-11-16,Uzbekistan,70381,598,138,0,193,1
2020-11-17,Uzbekistan,70648,599,267,1,232,2
2020-11-18,Uzbekistan,70858,601,210,2,209,1
2020-11-19,Uzbekistan,70921,601,63,0,194,1
2020-11-20,Uzbekistan,71208,603,287,2,208,1
2020-11-21,Uzbekistan,71431,603,223,0,206,1
2020-11-22,Uzbekistan,71617,603,186,0,196,1
2020-11-23,Uzbekistan,71774,604,157,1,199,1
2020-11-24,Uzbekistan,71985,604,211,0,191,1
2020-11-25,Uzbekistan,72227,606,242,2,196,1
2020-11-26,Uzbekistan,72409,607,182,1,213,1
2020-11-27,Uzbekistan,72513,607,104,0,186,1
2020-11-28,Uzbekistan,72718,608,205,1,184,1
2020-11-29,Uzbekistan,72870,608,152,0,179,1
2020-11-30,Uzbekistan,73094,610,224,2,189,1
2020-12-01,Uzbekistan,73276,611,182,1,184,1
2020-12-02,Uzbekistan,73335,611,59,0,158,1
2020-12-03,Uzbekistan,73431,611,96,0,146,1
2020-12-04,Uzbekistan,73751,611,320,0,177,1
2020-12-05,Uzbekistan,73751,611,0,0,148,0
2020-12-06,Uzbekistan,74053,611,302,0,169,0
2020-12-07,Uzbekistan,74053,611,0,0,137,0
2020-12-08,Uzbekistan,74206,611,153,0,133,0
2020-12-09,Uzbekistan,74352,611,146,0,145,0
2020-12-10,Uzbekistan,74498,611,146,0,152,0
2020-12-11,Uzbekistan,74811,612,313,1,151,0
2020-12-12,Uzbekistan,74811,612,0,0,151,0
2020-12-13,Uzbekistan,74956,612,145,0,129,0
2020-12-14,Uzbekistan,75094,612,138,0,149,0
2020-12-15,Uzbekistan,75241,612,147,0,148,0
2020-12-16,Uzbekistan,75538,612,297,0,169,0
2020-12-17,Uzbekistan,75538,612,0,0,149,0
2020-12-18,Uzbekistan,75675,612,137,0,123,0
2020-12-19,Uzbekistan,75806,612,131,0,142,0
2020-12-20,Uzbekistan,75933,612,127,0,140,0
2020-12-21,Uzbekistan,76048,612,115,0,136,0
2020-12-22,Uzbekistan,76180,612,132,0,134,0
2020-12-23,Uzbekistan,76315,612,135,0,111,0
2020-12-24,Uzbekistan,76456,612,141,0,131,0
2020-12-25,Uzbekistan,76568,612,112,0,128,0
2020-12-26,Uzbekistan,76666,612,98,0,123,0
2020-12-27,Uzbekistan,76751,613,85,1,117,0
2020-12-28,Uzbekistan,76832,613,81,0,112,0
2020-12-29,Uzbekistan,76907,613,75,0,104,0
2020-12-30,Uzbekistan,76985,614,78,1,96,0
2020-12-31,Uzbekistan,77060,614,75,0,86,0
2021-01-01,Uzbekistan,77182,614,122,0,88,0
2021-01-02,Uzbekistan,77182,614,0,0,74,0
2021-01-03,Uzbekistan,77258,614,76,0,72,0
2021-01-04,Uzbekistan,77258,614,0,0,61,0
2021-01-05,Uzbekistan,77295,614,37,0,55,0
2021-01-06,Uzbekistan,77350,615,55,1,52,0
2021-01-07,Uzbekistan,77412,615,62,0,50,0
2021-01-08,Uzbekistan,77485,616,73,1,43,0
2021-01-09,Uzbekistan,77530,616,45,0,50,0
2021-01-10,Uzbekistan,77572,617,42,1,45,0
2021-01-11,Uzbekistan,77611,617,39,0,50,0
2021-01-12,Uzbekistan,77663,617,52,0,53,0
2021-01-13,Uzbekistan,77716,618,53,1,52,0
2021-01-14,Uzbekistan,77777,618,61,0,52,0
2021-01-15,Uzbekistan,77904,619,127,1,60,0
2021-01-16,Uzbekistan,77968,619,64,0,63,0
2021-01-17,Uzbekistan,77968,619,0,0,57,0
2021-01-18,Uzbekistan,78036,619,68,0,61,0
2021-01-19,Uzbekistan,78091,620,55,1,61,0
2021-01-20,Uzbekistan,78163,620,72,0,64,0
2021-01-21,Uzbekistan,78219,620,56,0,63,0
2021-01-22,Uzbekistan,78272,620,53,0,53,0
2021-01-23,Uzbekistan,78317,621,45,1,50,0
2021-01-24,Uzbekistan,78375,621,58,0,58,0
2021-01-25,Uzbekistan,78429,621,54,0,56,0
2021-01-26,Uzbekistan,78471,621,42,0,54,0
2021-01-27,Uzbekistan,78510,621,39,0,50,0
2021-01-28,Uzbekistan,78556,621,46,0,48,0
2021-01-29,Uzbekistan,78602,621,46,0,47,0
2021-01-30,Uzbekistan,78711,621,109,0,56,0
2021-01-31,Uzbekistan,78711,621,0,0,48,0
2021-02-01,Uzbekistan,78755,621,44,0,47,0
2021-02-02,Uzbekistan,78801,621,46,0,47,0
2021-02-03,Uzbekistan,78859,621,58,0,50,0
2021-02-04,Uzbekistan,78916,621,57,0,51,0
2021-02-05,Uzbekistan,78989,621,73,0,55,0
2021-02-06,Uzbekistan,79045,621,56,0,48,0
2021-02-07,Uzbekistan,79098,621,53,0,55,0
2021-02-08,Uzbekistan,79162,621,64,0,58,0
2021-02-09,Uzbekistan,79204,621,42,0,58,0
2021-02-10,Uzbekistan,79237,621,33,0,54,0
2021-02-11,Uzbekistan,79303,622,66,1,55,0
2021-02-12,Uzbekistan,79340,622,37,0,50,0
2021-02-13,Uzbekistan,79381,622,41,0,48,0
2021-02-14,Uzbekistan,79416,622,35,0,45,0
2021-02-15,Uzbekistan,79442,622,26,0,40,0
2021-02-16,Uzbekistan,79461,622,19,0,37,0
2021-02-17,Uzbekistan,79497,622,36,0,37,0
2021-02-18,Uzbekistan,79548,622,51,0,35,0
2021-02-19,Uzbekistan,79598,622,50,0,37,0
2021-02-20,Uzbekistan,79632,622,34,0,36,0
2021-02-21,Uzbekistan,79654,622,22,0,34,0
2021-02-22,Uzbekistan,79681,622,27,0,34,0
2021-02-23,Uzbekistan,79717,622,36,0,37,0
2021-02-24,Uzbekistan,79749,622,32,0,36,0
2021-02-25,Uzbekistan,79773,622,24,0,32,0
2021-02-26,Uzbekistan,79804,622,31,0,29,0
2021-02-27,Uzbekistan,79836,622,32,0,29,0
2021-02-28,Uzbekistan,79926,622,90,0,39,0
2021-03-01,Uzbekistan,79926,622,0,0,35,0
2021-03-02,Uzbekistan,79961,622,35,0,35,0
2021-03-03,Uzbekistan,80035,622,74,0,41,0
2021-03-04,Uzbekistan,80035,622,0,0,37,0
2021-03-05,Uzbekistan,80081,622,46,0,40,0
2021-03-06,Uzbekistan,80125,622,44,0,41,0
2021-03-07,Uzbekistan,80176,622,51,0,36,0
2021-03-08,Uzbekistan,80219,622,43,0,42,0
2021-03-09,Uzbekistan,80247,622,28,0,41,0
2021-03-10,Uzbekistan,80268,622,21,0,33,0
2021-03-11,Uzbekistan,80392,622,124,0,51,0
2021-03-12,Uzbekistan,80392,622,0,0,44,0
2021-03-13,Uzbekistan,80481,622,89,0,51,0
2021-03-14,Uzbekistan,80567,622,86,0,56,0
2021-03-15,Uzbekistan,80678,622,111,0,66,0
2021-03-16,Uzbekistan,80743,622,65,0,71,0
2021-03-17,Uzbekistan,80858,622,115,0,84,0
2021-03-18,Uzbekistan,80971,622,113,0,83,0
2021-03-19,Uzbekistan,81095,622,124,0,100,0
2021-03-20,Uzbekistan,81339,622,244,0,123,0
2021-03-21,Uzbekistan,81339,622,0,0,110,0
2021-03-22,Uzbekistan,81446,622,107,0,110,0
2021-03-23,Uzbekistan,81678,623,232,1,134,0
2021-03-24,Uzbekistan,81678,623,0,0,117,0
2021-03-25,Uzbekistan,81816,624,138,1,121,0
2021-03-26,Uzbekistan,81960,624,144,0,124,0
2021-03-27,Uzbekistan,82146,625,186,1,115,0
2021-03-28,Uzbekistan,82340,626,194,1,143,1
2021-03-29,Uzbekistan,82536,626,196,0,156,1
2021-03-30,Uzbekistan,82682,628,146,2,143,1
2021-03-31,Uzbekistan,82869,629,187,1,170,1
2021-04-01,Uzbekistan,83050,630,181,1,176,1
2021-04-02,Uzbekistan,83239,630,189,0,183,1
2021-04-03,Uzbekistan,83435,630,196,0,184,1
2021-04-04,Uzbekistan,83623,631,188,1,183,1
2021-04-05,Uzbekistan,83802,631,179,0,181,1
2021-04-06,Uzbekistan,83935,632,133,1,179,1
2021-04-07,Uzbekistan,84127,633,192,1,180,1
2021-04-08,Uzbekistan,84322,634,195,1,182,1
2021-04-09,Uzbekistan,84529,634,207,0,184,1
2021-04-10,Uzbekistan,84724,634,195,0,184,1
2021-04-11,Uzbekistan,84922,634,198,0,186,0
2021-04-12,Uzbekistan,85114,634,192,0,187,0
2021-04-13,Uzbekistan,85291,634,177,0,194,0
2021-04-14,Uzbekistan,85503,634,212,0,197,0
2021-04-15,Uzbekistan,85730,634,227,0,201,0
2021-04-16,Uzbekistan,86022,635,292,1,213,0
2021-04-17,Uzbekistan,86338,636,316,1,231,0
2021-04-18,Uzbekistan,86680,638,342,2,251,1
2021-04-19,Uzbekistan,86982,638,302,0,267,1
2021-04-20,Uzbekistan,87225,639,243,1,276,1
2021-04-21,Uzbekistan,87551,640,326,1,293,1
2021-04-22,Uzbekistan,87935,640,384,0,315,1
2021-04-23,Uzbekistan,88280,641,345,1,323,1
2021-04-24,Uzbekistan,88679,642,399,1,334,1
2021-04-25,Uzbekistan,89027,643,348,1,335,1
2021-04-26,Uzbekistan,89355,645,328,2,339,1
2021-04-27,Uzbekistan,89630,646,275,1,344,1
2021-04-28,Uzbekistan,90008,646,378,0,351,1
2021-04-29,Uzbekistan,90406,647,398,1,353,1
2021-04-30,Uzbekistan,90808,649,402,2,361,1
2021-05-01,Uzbekistan,91250,650,442,1,367,1
2021-05-02,Uzbekistan,91643,652,393,2,374,1
2021-05-03,Uzbekistan,92006,653,363,1,379,1
2021-05-04,Uzbekistan,92320,655,314,2,384,1
2021-05-05,Uzbekistan,92724,655,404,0,388,1
2021-05-06,Uzbekistan,93176,657,452,2,396,1
2021-05-07,Uzbekistan,93597,660,421,3,398,2
2021-05-08,Uzbekistan,93978,662,381,2,390,2
2021-05-09,Uzbekistan,94397,662,419,0,393,1
2021-05-10,Uzbekistan,94759,662,362,0,393,1
2021-05-11,Uzbekistan,95072,664,313,2,393,1
2021-05-12,Uzbekistan,95467,666,395,2,392,2
2021-05-13,Uzbekistan,95826,667,359,1,379,1
2021-05-14,Uzbekistan,96117,667,291,0,360,1
2021-05-15,Uzbekistan,96368,667,251,0,341,1
2021-05-16,Uzbekistan,96670,668,302,1,325,1
2021-05-17,Uzbekistan,96893,670,223,2,305,1
2021-05-18,Uzbekistan,97068,672,175,2,285,1
2021-05-19,Uzbekistan,97280,674,212,2,259,1
2021-05-20,Uzbekistan,97543,676,263,2,245,1
2021-05-21,Uzbekistan,97856,678,313,2,248,2
2021-05-22,Uzbekistan,98164,680,308,2,257,2
2021-05-23,Uzbekistan,98451,680,287,0,254,2
2021-05-24,Uzbekistan,98657,680,206,0,252,1
2021-05-25,Uzbekistan,98849,682,192,2,254,1
2021-05-26,Uzbekistan,99064,684,215,2,255,1
2021-05-27,Uzbekistan,99344,685,280,1,257,1
2021-05-28,Uzbekistan,99580,687,236,2,246,1
2021-05-29,Uzbekistan,99844,688,264,1,240,1
2021-05-30,Uzbekistan,100124,690,280,2,239,1
2021-05-31,Uzbekistan,100335,690,211,0,240,1
2021-06-01,Uzbekistan,100495,690,160,0,235,1
2021-06-02,Uzbekistan,100726,691,231,1,237,1
2021-06-03,Uzbekistan,100997,693,271,2,236,1
2021-06-04,Uzbekistan,101198,695,201,2,231,1
2021-06-05,Uzbekistan,101436,696,238,1,227,1
2021-06-06,Uzbekistan,101722,696,286,0,228,1
2021-06-07,Uzbekistan,101964,696,242,0,233,1
2021-06-08,Uzbekistan,102163,699,199,3,238,1
2021-06-09,Uzbekistan,102362,701,199,2,234,1
2021-06-10,Uzbekistan,102605,702,243,1,230,1
2021-06-11,Uzbekistan,102892,704,287,2,242,1
2021-06-12,Uzbekistan,103206,705,314,1,253,1
2021-06-13,Uzbekistan,103510,708,304,3,255,2
2021-06-14,Uzbekistan,103813,708,303,0,264,2
2021-06-15,Uzbekistan,104113,709,300,1,279,1
2021-06-16,Uzbekistan,104463,711,350,2,300,1
2021-06-17,Uzbekistan,104834,713,371,2,318,2
2021-06-18,Uzbekistan,105219,717,385,4,332,2
2021-06-19,Uzbekistan,105610,718,391,1,343,2
2021-06-20,Uzbekistan,106025,718,415,0,359,1
2021-06-21,Uzbekistan,106452,718,427,0,377,1
2021-06-22,Uzbekistan,106847,720,395,2,391,2
2021-06-23,Uzbekistan,107266,722,419,2,400,2
2021-06-24,Uzbekistan,107708,723,442,1,411,1
2021-06-25,Uzbekistan,108184,725,476,2,424,1
2021-06-26,Uzbekistan,108730,727,546,2,446,1
2021-06-27,Uzbekistan,109223,729,493,2,457,2
2021-06-28,Uzbekistan,109692,731,469,2,463,2
2021-06-29,Uzbekistan,110190,733,498,2,478,2
2021-06-30,Uzbekistan,110677,736,487,3,487,2
2021-07-01,Uzbekistan,111153,740,476,4,492,2
2021-07-02,Uzbekistan,111648,742,495,2,495,2
2021-07-03,Uzbekistan,112130,745,482,3,486,3
2021-07-04,Uzbekistan,112597,747,467,2,482,3
2021-07-05,Uzbekistan,113072,751,475,4,483,3
2021-07-06,Uzbekistan,113568,754,496,3,483,3
2021-07-07,Uzbekistan,114039,758,471,4,480,3
2021-07-08,Uzbekistan,114529,760,490,2,482,3
2021-07-09,Uzbekistan,115011,764,482,4,480,3
2021-07-10,Uzbekistan,115478,767,467,3,478,3
2021-07-11,Uzbekistan,115963,771,485,4,481,3
2021-07-12,Uzbekistan,116421,774,458,3,478,3
2021-07-13,Uzbekistan,116918,778,497,4,479,3
2021-07-14,Uzbekistan,117409,781,491,3,481,3
2021-07-15,Uzbekistan,117902,785,493,4,482,4
2021-07-16,Uzbekistan,118380,789,478,4,481,4
2021-07-17,Uzbekistan,118881,793,501,4,486,4
2021-07-18,Uzbekistan,119388,796,507,3,489,4
2021-07-19,Uzbekistan,119973,801,585,5,507,4
2021-07-20,Uzbekistan,120631,805,658,4,530,4
2021-07-21,Uzbekistan,121329,809,698,4,560,4
2021-07-22,Uzbekistan,122048,814,719,5,592,4
2021-07-23,Uzbekistan,122786,819,738,5,629,4
2021-07-24,Uzbekistan,123559,826,773,7,668,5
2021-07-25,Uzbekistan,124290,832,731,6,700,5
2021-07-26,Uzbekistan,124995,839,705,7,717,5
2021-07-27,Uzbekistan,125784,845,789,6,736,6
2021-07-28,Uzbekistan,126627,853,843,8,757,6
2021-07-29,Uzbekistan,127506,859,879,6,780,6
2021-07-30,Uzbekistan,128403,866,897,7,802,7
2021-07-31,Uzbekistan,129327,874,924,8,824,7
2021-08-01,Uzbekistan,130216,880,889,6,847,7
2021-08-02,Uzbekistan,131079,886,863,6,869,7
2021-08-03,Uzbekistan,131978,893,899,7,885,7
2021-08-04,Uzbekistan,132901,901,923,8,896,7
2021-08-05,Uzbekistan,133852,910,951,9,907,7
2021-08-06,Uzbekistan,134826,916,974,6,918,7
2021-08-07,Uzbekistan,135738,923,912,7,916,7
2021-08-08,Uzbekistan,136635,928,897,5,917,7
2021-08-09,Uzbekistan,137491,934,856,6,916,7
2021-08-10,Uzbekistan,138382,941,891,7,915,7
2021-08-11,Uzbekistan,139285,948,903,7,912,7
2021-08-12,Uzbekistan,140210,956,925,8,908,7
2021-08-13,Uzbekistan,141158,964,948,8,905,7
2021-08-14,Uzbekistan,142124,970,966,6,912,7
2021-08-15,Uzbekistan,143041,976,917,6,915,7
2021-08-16,Uzbekistan,143918,981,877,5,918,7
2021-08-17,Uzbekistan,144764,987,846,6,912,7
2021-08-18,Uzbekistan,145615,994,851,7,904,7
2021-08-19,Uzbekistan,146459,1002,844,8,893,7
2021-08-20,Uzbekistan,147322,1008,863,6,881,6
2021-08-21,Uzbekistan,148203,1015,881,7,868,6
2021-08-22,Uzbekistan,149058,1021,855,6,860,6
2021-08-23,Uzbekistan,149876,1028,818,7,851,7
2021-08-24,Uzbekistan,150683,1035,807,7,846,7
2021-08-25,Uzbekistan,151517,1043,834,8,843,7
2021-08-26,Uzbekistan,152363,1050,846,7,843,7
2021-08-27,Uzbekistan,153204,1056,841,6,840,7
2021-08-28,Uzbekistan,154033,1064,829,8,833,7
2021-08-29,Uzbekistan,154844,1070,811,6,827,7
2021-08-30,Uzbekistan,155639,1075,795,5,823,7
2021-08-31,Uzbekistan,156394,1082,755,7,816,7
2021-09-01,Uzbekistan,157136,1088,742,6,803,6
2021-09-02,Uzbekistan,157872,1093,736,5,787,6
2021-09-03,Uzbekistan,158561,1099,689,6,765,6
2021-09-04,Uzbekistan,159209,1106,648,7,739,6
2021-09-05,Uzbekistan,159871,1112,662,6,718,6
2021-09-06,Uzbekistan,160511,1120,640,8,696,6
2021-09-07,Uzbekistan,161108,1125,597,5,673,6
2021-09-08,Uzbekistan,161768,1132,660,7,662,6
2021-09-09,Uzbekistan,162421,1137,653,5,650,6
2021-09-10,Uzbekistan,163108,1142,687,5,650,6
2021-09-11,Uzbekistan,163770,1148,662,6,652,6
2021-09-12,Uzbekistan,164364,1153,594,5,642,6
2021-09-13,Uzbekistan,164890,1159,526,6,626,6
2021-09-14,Uzbekistan,165421,1164,531,5,616,6
2021-09-15,Uzbekistan,166025,1169,604,5,608,5
2021-09-16,Uzbekistan,166644,1175,619,6,603,5
2021-09-17,Uzbekistan,167268,1179,624,4,594,5
2021-09-18,Uzbekistan,167858,1184,590,5,584,5
2021-09-19,Uzbekistan,168437,1188,579,4,582,5
2021-09-20,Uzbekistan,168938,1192,501,4,578,5
2021-09-21,Uzbekistan,169467,1197,529,5,578,5
2021-09-22,Uzbekistan,169989,1203,522,6,566,5
2021-09-23,Uzbekistan,170520,1207,531,4,554,5
2021-09-24,Uzbekistan,171080,1212,560,5,545,5
2021-09-25,Uzbekistan,171588,1218,508,6,533,5
2021-09-26,Uzbekistan,172090,1222,502,4,522,5
2021-09-27,Uzbekistan,172493,1225,403,3,508,5
2021-09-28,Uzbekistan,172899,1230,406,5,490,5
2021-09-29,Uzbekistan,173409,1234,510,4,489,4
2021-09-30,Uzbekistan,173895,1239,486,5,482,5
2021-10-01,Uzbekistan,174408,1242,513,3,475,4
2021-10-02,Uzbekistan,174879,1245,471,3,470,4
2021-10-03,Uzbekistan,175267,1247,388,2,454,4
2021-10-04,Uzbekistan,175715,1249,448,2,460,3
2021-10-05,Uzbekistan,176019,1251,304,2,446,3
2021-10-06,Uzbekistan,176477,1255,458,4,438,3
2021-10-07,Uzbekistan,176964,1260,487,5,438,3
2021-10-08,Uzbekistan,177383,1263,419,3,425,3
2021-10-09,Uzbekistan,177834,1266,451,3,422,3
2021-10-10,Uzbekistan,178259,1269,425,3,427,3
2021-10-11,Uzbekistan,178637,1271,378,2,417,3
2021-10-12,Uzbekistan,178986,1273,349,2,424,3
2021-10-13,Uzbekistan,179371,1276,385,3,413,3
2021-10-14,Uzbekistan,179711,1280,340,4,392,3
2021-10-15,Uzbekistan,180162,1283,451,3,397,3
2021-10-16,Uzbekistan,180566,1285,404,2,390,3
2021-10-17,Uzbekistan,180958,1287,392,2,386,3
2021-10-18,Uzbekistan,181312,1290,354,3,382,3
2021-10-19,Uzbekistan,181654,1292,342,2,381,3
2021-10-20,Uzbekistan,182060,1295,406,3,384,3
2021-10-21,Uzbekistan,182421,1297,361,2,387,2
2021-10-22,Uzbekistan,182819,1300,398,3,380,2
2021-10-23,Uzbekistan,183191,1302,372,2,375,2
2021-10-24,Uzbekistan,183569,1304,378,2,373,2
2021-10-25,Uzbekistan,183928,1306,359,2,374,2
2021-10-26,Uzbekistan,184233,1309,305,3,368,2
2021-10-27,Uzbekistan,184563,1312,330,3,358,2
2021-10-28,Uzbekistan,184905,1316,342,4,355,3
2021-10-29,Uzbekistan,185295,1318,390,2,354,3
2021-10-30,Uzbekistan,185647,1321,352,3,351,3
2021-10-31,Uzbekistan,185963,1323,316,2,342,3
2021-11-01,Uzbekistan,186244,1325,281,2,331,3
2021-11-02,Uzbekistan,186793,1329,549,4,366,3
2021-11-03,Uzbekistan,186793,1329,0,0,319,2
2021-11-04,Uzbekistan,187085,1332,292,3,311,2
2021-11-05,Uzbekistan,187381,1334,296,2,298,2
2021-11-06,Uzbekistan,187666,1336,285,2,288,2
2021-11-07,Uzbekistan,187924,1338,258,2,280,2
2021-11-08,Uzbekistan,188169,1340,245,2,275,2
2021-11-09,Uzbekistan,188398,1343,229,3,229,2
2021-11-10,Uzbekistan,188619,1346,221,3,261,2
2021-11-11,Uzbekistan,188892,1349,273,3,258,2
2021-11-12,Uzbekistan,189186,1351,294,2,258,2
2021-11-13,Uzbekistan,189458,1354,272,3,256,3
2021-11-14,Uzbekistan,189683,1356,225,2,251,3
2021-11-15,Uzbekistan,189915,1358,232,2,249,3
2021-11-16,Uzbekistan,190104,1360,189,2,244,2
2021-11-17,Uzbekistan,190332,1364,228,4,245,3
2021-11-18,Uzbekistan,190584,1367,252,3,242,3
2021-11-19,Uzbekistan,190850,1370,266,3,238,3
2021-11-20,Uzbekistan,191122,1373,272,3,238,3
2021-11-21,Uzbekistan,191334,1375,212,2,236,3
2021-11-22,Uzbekistan,191576,1378,242,3,237,3
2021-11-23,Uzbekistan,191750,1382,174,4,235,3
2021-11-24,Uzbekistan,191956,1385,206,3,232,3
2021-11-25,Uzbekistan,192175,1389,219,4,227,3
2021-11-26,Uzbekistan,192381,1392,206,3,219,3
2021-11-27,Uzbekistan,192599,1395,218,3,211,3
2021-11-28,Uzbekistan,192831,1397,232,2,214,3
2021-11-29,Uzbekistan,193065,1399,234,2,213,3
2021-11-30,Uzbekistan,193208,1402,143,3,208,3
2021-12-01,Uzbekistan,193424,1406,216,4,210,3
2021-12-02,Uzbekistan,193633,1409,209,3,208,3
2021-12-03,Uzbekistan,193893,1413,260,4,216,3
2021-12-04,Uzbekistan,194105,1416,212,3,215,3
2021-12-05,Uzbekistan,194333,1418,228,2,215,3
2021-12-06,Uzbekistan,194556,1421,223,3,213,3
2021-12-07,Uzbekistan,194703,1424,147,3,214,3
2021-12-08,Uzbekistan,194904,1425,201,1,211,3
2021-12-09,Uzbekistan,195098,1428,194,3,209,3
2021-12-10,Uzbekistan,195246,1430,148,2,193,2
2021-12-11,Uzbekistan,195524,1434,278,4,203,3
2021-12-12,Uzbekistan,195747,1436,223,2,202,3
2021-12-13,Uzbekistan,195958,1440,211,4,200,3
2021-12-14,Uzbekistan,196094,1442,136,2,199,3
2021-12-15,Uzbekistan,196303,1445,209,3,200,3
2021-12-16,Uzbekistan,196522,1449,219,4,203,3
2021-12-17,Uzbekistan,196739,1453,217,4,213,3
2021-12-18,Uzbekistan,196900,1456,161,3,197,3
2021-12-19,Uzbekistan,197074,1458,174,2,190,3
2021-12-20,Uzbekistan,197268,1461,194,3,187,3
2021-12-21,Uzbekistan,197392,1465,124,4,185,3
2021-12-22,Uzbekistan,197566,1468,174,3,180,3
2021-12-23,Uzbekistan,197753,1471,187,3,176,3
2021-12-24,Uzbekistan,197918,1475,165,4,168,3
2021-12-25,Uzbekistan,198099,1477,181,2,171,3
2021-12-26,Uzbekistan,198242,1479,143,2,167,3
2021-12-27,Uzbekistan,198387,1481,145,2,160,3
2021-12-28,Uzbekistan,198487,1484,100,3,156,3
2021-12-29,Uzbekistan,198626,1485,139,1,151,2
2021-12-30,Uzbekistan,198769,1485,143,0,145,2
2021-12-31,Uzbekistan,198903,1485,134,0,141,1
2022-01-01,Uzbekistan,199030,1485,127,0,133,1
2022-01-02,Uzbekistan,199118,1485,88,0,125,1
2022-01-03,Uzbekistan,199182,1485,64,0,114,1
2022-01-04,Uzbekistan,199271,1485,89,0,112,0
2022-01-05,Uzbekistan,199361,1485,90,0,105,0
2022-01-06,Uzbekistan,199507,1485,146,0,105,0
2022-01-07,Uzbekistan,199758,1488,251,3,122,0
2022-01-08,Uzbekistan,199972,1492,214,4,135,1
2022-01-09,Uzbekistan,200341,1494,369,2,175,1
2022-01-10,Uzbekistan,200730,1497,389,3,221,2
2022-01-11,Uzbekistan,201155,1501,425,4,269,2
2022-01-12,Uzbekistan,202473,1508,1318,7,445,3
2022-01-13,Uzbekistan,202473,1508,0,0,424,3
2022-01-14,Uzbekistan,203297,1511,824,3,506,3
2022-01-15,Uzbekistan,204173,1513,876,2,600,3
2022-01-16,Uzbekistan,205085,1515,912,2,678,3
2022-01-17,Uzbekistan,206122,1518,1037,3,770,3
2022-01-18,Uzbekistan,207057,1522,935,4,843,3
2022-01-19,Uzbekistan,208271,1525,1214,3,828,2
2022-01-20,Uzbekistan,209578,1529,1307,4,1015,3
2022-01-21,Uzbekistan,210899,1532,1321,3,1086,3
2022-01-22,Uzbekistan,212289,1536,1390,4,1159,3
2022-01-23,Uzbekistan,213767,1540,1478,4,1240,4
2022-01-24,Uzbekistan,215063,1542,1296,2,1277,3
2022-01-25,Uzbekistan,216186,1545,1123,3,1304,3
2022-01-26,Uzbekistan,217360,1549,1174,4,1298,3
2022-01-27,Uzbekistan,218477,1551,1117,2,1271,3
2022-01-28,Uzbekistan,219663,1554,1186,3,1252,3
2022-01-29,Uzbekistan,220815,1558,1152,4,1218,3
2022-01-30,Uzbekistan,221919,1561,1104,3,1165,3
2022-01-31,Uzbekistan,223008,1564,1089,3,1135,3
2022-02-01,Uzbekistan,224023,1568,1015,4,1120,3
2022-02-02,Uzbekistan,225110,1571,1087,3,1107,3
2022-02-03,Uzbekistan,226036,1575,926,4,1080,3
2022-02-04,Uzbekistan,226997,1579,961,4,1048,4
2022-02-05,Uzbekistan,227909,1581,912,2,1013,3
2022-02-06,Uzbekistan,228796,1584,887,3,982,3
2022-02-07,Uzbekistan,229628,1586,832,2,946,3
2022-02-08,Uzbekistan,230401,1588,773,2,911,3
2022-02-09,Uzbekistan,231179,1592,778,4,867,3
2022-02-10,Uzbekistan,231871,1595,692,3,834,3
2022-02-11,Uzbekistan,232496,1597,625,2,786,3
2022-02-12,Uzbekistan,233000,1599,504,2,727,3
2022-02-13,Uzbekistan,233439,1601,439,2,663,2
2022-02-14,Uzbekistan,233761,1604,322,3,590,3
2022-02-15,Uzbekistan,234063,1607,302,3,523,3
2022-02-16,Uzbekistan,234359,1609,296,2,454,2
2022-02-17,Uzbekistan,234600,1612,241,3,390,2
2022-02-18,Uzbekistan,234872,1614,272,2,339,2
2022-02-19,Uzbekistan,235063,1617,191,3,295,3
2022-02-20,Uzbekistan,235267,1619,204,2,261,3
2022-02-21,Uzbekistan,235427,1621,160,2,238,2
2022-02-22,Uzbekistan,235602,1623,175,2,220,2
2022-02-23,Uzbekistan,235740,1624,138,1,197,2
2022-02-24,Uzbekistan,235880,1626,140,2,183,2
2022-02-25,Uzbekistan,236036,1628,156,2,166,2
2022-02-26,Uzbekistan,236174,1630,138,2,159,2
2022-02-27,Uzbekistan,236299,1633,125,3,147,2
2022-02-28,Uzbekistan,236405,1635,106,2,140,2
2022-03-01,Uzbekistan,236501,1636,96,1,128,2
2022-03-02,Uzbekistan,236596,1637,95,1,122,2
2022-03-03,Uzbekistan,236687,1637,91,0,115,2
2022-03-04,Uzbekistan,236771,1637,84,0,105,1
2022-03-05,Uzbekistan,236840,1637,69,0,95,1
2022-03-06,Uzbekistan,236899,1637,59,0,86,1
2022-03-07,Uzbekistan,236967,1637,68,0,80,0
2022-03-08,Uzbekistan,236994,1637,27,0,70,0
2022-03-09,Uzbekistan,237045,1637,51,0,64,0
2022-03-10,Uzbekistan,237059,1637,14,0,53,0
2022-03-11,Uzbekistan,237129,1637,70,0,51,0
2022-03-12,Uzbekistan,237169,1637,40,0,47,0
2022-03-13,Uzbekistan,237238,1637,69,0,48,0
2022-03-14,Uzbekistan,237260,1637,22,0,42,0
2022-03-15,Uzbekistan,237281,1637,21,0,41,0
2022-03-16,Uzbekistan,237341,1637,60,0,42,0
2022-03-17,Uzbekistan,237384,1637,43,0,46,0
2022-03-18,Uzbekistan,237414,1637,30,0,41,0
2022-03-19,Uzbekistan,237438,1637,24,0,38,0
2022-03-20,Uzbekistan,237476,1637,38,0,34,0
2022-03-21,Uzbekistan,237508,1637,32,0,35,0
2022-03-22,Uzbekistan,237520,1637,12,0,34,0
2022-03-23,Uzbekistan,237527,1637,7,0,27,0
2022-03-24,Uzbekistan,237533,1637,6,0,21,0
2022-03-25,Uzbekistan,237542,1637,9,0,18,0
2022-03-26,Uzbekistan,237589,1637,47,0,22,0
2022-03-27,Uzbekistan,237641,1637,52,0,24,0
2022-03-28,Uzbekistan,237679,1637,38,0,24,0
2022-03-29,Uzbekistan,237687,1637,8,0,24,0
2022-03-30,Uzbekistan,237710,1637,23,0,26,0
2022-03-31,Uzbekistan,237749,1637,39,0,31,0
2022-04-01,Uzbekistan,237787,1637,38,0,35,0
2022-04-02,Uzbekistan,237828,1637,41,0,34,0
2022-04-03,Uzbekistan,237853,1637,25,0,30,0
2022-04-04,Uzbekistan,237888,1637,35,0,30,0
2022-04-05,Uzbekistan,237906,1637,18,0,31,0
2022-04-06,Uzbekistan,237932,1637,26,0,32,0
2022-04-07,Uzbekistan,237967,1637,35,0,31,0
2022-04-08,Uzbekistan,237994,1637,27,0,30,0
2022-04-09,Uzbekistan,238040,1637,46,0,30,0
2022-04-10,Uzbekistan,238071,1637,31,0,31,0
2022-04-11,Uzbekistan,238088,1637,17,0,29,0
2022-04-12,Uzbekistan,238098,1637,10,0,27,0
2022-04-13,Uzbekistan,238176,1637,78,0,35,0
2022-04-14,Uzbekistan,238176,1637,0,0,30,0
2022-04-15,Uzbekistan,238214,1637,38,0,31,0
2022-04-16,Uzbekistan,238252,1637,38,0,30,0
