Date,Value,Is_Drift_Period
2023-01-16 13:56:19.371393,107.45071229516849,0
2023-01-17 13:56:19.371393,102.59026412428923,0
2023-01-18 13:56:19.371393,114.86899404484842,0
2023-01-19 13:56:19.371393,126.53176594619302,0
2023-01-20 13:56:19.371393,97.01145727818148,0
2023-01-21 13:56:19.371393,91.36445181267132,0
2023-01-22 13:56:19.371393,118.97548000153786,0
2023-01-23 13:56:19.371393,113.4790689374474,0
2023-01-24 13:56:19.371393,98.2949485170606,0
2023-01-25 13:56:19.371393,112.93253506640464,0
2023-01-26 13:56:19.371393,96.61140681004132,0
2023-01-27 13:56:19.371393,90.61577568186247,0
2023-01-28 13:56:19.371393,97.93637208076764,0
2023-01-29 13:56:19.371393,67.31527612586964,0
2023-01-30 13:56:19.371393,70.99776012489147,0
2023-01-31 13:56:19.371393,92.72462048621468,0
2023-02-01 13:56:19.371393,89.11463480451422,0
2023-02-02 13:56:19.371393,105.96459216496832,0
2023-02-03 13:56:19.371393,84.98667938809088,0
2023-02-04 13:56:19.371393,72.6294728578706,0
2023-02-05 13:56:19.371393,115.53852140727022,0
2023-02-06 13:56:19.371393,98.37720763342898,0
2023-02-07 13:56:19.371393,104.9798012460019,0
2023-02-08 13:56:19.371393,84.23139689230746,0
2023-02-09 13:56:19.371393,92.6668175169408,0
2023-02-10 13:56:19.371393,99.01110190175427,0
2023-02-11 13:56:19.371393,78.02156696793176,0
2023-02-12 13:56:19.371393,99.79846955963812,0
2023-02-13 13:56:19.371393,91.25026660718171,0
2023-02-14 13:56:19.371393,98.94877782615916,0
2023-02-15 13:56:19.371393,96.04391816008408,0
2023-02-16 13:56:19.371393,129.86798327923026,0
2023-02-17 13:56:19.371393,100.93492126126624,0
2023-02-18 13:56:19.371393,79.683188630879,0
2023-02-19 13:56:19.371393,106.73733513229558,0
2023-02-20 13:56:19.371393,82.71107876366422,0
2023-02-21 13:56:19.371393,105.67321921377793,0
2023-02-22 13:56:19.371393,76.41690962409028,0
2023-02-23 13:56:19.371393,80.26831892452037,0
2023-02-24 13:56:19.371393,99.20033173490113,0
2023-02-25 13:56:19.371393,106.52239231251215,0
2023-02-26 13:56:19.371393,99.7236060367606,0
2023-02-27 13:56:19.371393,98.65763636785243,0
2023-02-28 13:56:19.371393,99.68836561528606,0
2023-03-01 13:56:19.371393,83.10564626692633,0
2023-03-02 13:56:19.371393,90.1323201963598,0
2023-03-03 13:56:19.371393,90.39423175965138,0
2023-03-04 13:56:19.371393,110.49161700833976,0
2023-03-05 13:56:19.371393,102.77427863202074,0
2023-03-06 13:56:19.371393,74.32182553276107,0
2023-03-07 13:56:19.371393,106.70259950653818,0
2023-03-08 13:56:19.371393,100.2786653053182,0
2023-03-09 13:56:19.371393,92.5634552215302,0
2023-03-10 13:56:19.371393,106.79207115917826,0
2023-03-11 13:56:19.371393,111.80956039244798,0
2023-03-12 13:56:19.371393,111.79100041364762,0
2023-03-13 13:56:19.371393,89.15083719302517,0
2023-03-14 13:56:19.371393,98.75605549387444,0
2023-03-15 13:56:19.371393,110.29919658135002,0
2023-03-16 13:56:19.371393,118.4225152605582,0
2023-03-17 13:56:19.371393,93.08521926278873,0
2023-03-18 13:56:19.371393,92.25899771541248,0
2023-03-19 13:56:19.371393,79.34171774911067,0
2023-03-20 13:56:19.371393,80.621072413701,0
2023-03-21 13:56:19.371393,114.7991519896232,0
2023-03-22 13:56:19.371393,127.34815518843378,0
2023-03-23 13:56:19.371393,104.48408239072616,0
2023-03-24 13:56:19.371393,114.0019830118652,0
2023-03-25 13:56:19.371393,102.63009911599192,0
2023-03-26 13:56:19.371393,87.36705618018216,0
2023-03-27 13:56:19.371393,104.8576397006444,0
2023-03-28 13:56:19.371393,128.17546987939411,0
2023-03-29 13:56:19.371393,107.87479596219926,0
2023-03-30 13:56:19.371393,127.15655312901784,0
2023-03-31 13:56:19.371393,61.990060055967845,0
2023-04-01 13:56:19.371393,104.40290401031604,0
2023-04-02 13:56:19.371393,98.596839012264,0
2023-04-03 13:56:19.371393,96.1445736442384,0
2023-04-04 13:56:19.371393,105.68002642479652,0
2023-04-05 13:56:19.371393,76.41910848437537,0
2023-04-06 13:56:19.371393,97.31625122646264,0
2023-04-07 13:56:19.371393,103.7288949997347,0
2023-04-08 13:56:19.371393,118.4866606101871,0
2023-04-09 13:56:19.371393,90.99545537457384,0
2023-04-10 13:56:19.371393,87.81214149405956,0
2023-04-11 13:56:19.371393,96.01401590797806,0
2023-04-12 13:56:19.371393,119.06707291723804,0
2023-04-13 13:56:19.371393,109.8773926322069,0
2023-04-14 13:56:19.371393,91.7519175111274,0
2023-04-15 13:56:19.371393,102.88956368690395,0
2023-04-16 13:56:19.371393,98.73596219657084,0
2023-04-17 13:56:19.371393,115.31327107765038,0
2023-04-18 13:56:19.371393,95.82968811194488,0
2023-04-19 13:56:19.371393,100.47267617313707,0
2023-04-20 13:56:19.371393,97.27506401591914,0
2023-04-21 13:56:19.371393,76.55536348402232,0
2023-04-22 13:56:19.371393,98.18270094346175,0
2023-04-23 13:56:19.371393,100.79494176470432,0
2023-04-24 13:56:19.371393,101.13619602610734,0
2023-04-25 13:56:19.371393,101.4939700143237,0
2023-04-26 13:56:19.371393,84.79347543158528,0
2023-04-27 13:56:19.371393,95.3490863972659,0
2023-04-28 13:56:19.371393,93.24477219623728,0
2023-04-29 13:56:19.371393,83.44567862039034,0
2023-04-30 13:56:19.371393,93.05612477470878,0
2023-05-01 13:56:19.371393,106.41637532968896,0
2023-05-02 13:56:19.371393,133.903583463467,0
2023-05-03 13:56:19.371393,111.9536650997334,0
2023-05-04 13:56:19.371393,108.3080410664026,0
2023-05-05 13:56:19.371393,98.63469667456,0
2023-05-06 13:56:19.371393,67.30726187706126,0
2023-05-07 13:56:19.371393,93.53386064362772,0
2023-05-08 13:56:19.371393,101.37683921347816,0
2023-05-09 13:56:19.371393,142.1254730209672,0
2023-05-10 13:56:19.371393,107.341772391289,0
2023-05-11 13:56:19.371393,108.57680606972086,0
2023-05-12 13:56:19.371393,99.32758536580566,0
2023-05-13 13:56:19.371393,78.69794841137846,0
2023-05-14 13:56:19.371393,112.282979646523,0
2023-05-15 13:56:19.371393,113.69729345495384,0
2023-05-16 13:56:19.371393,118.34436596348118,0
2023-05-17 13:56:19.371393,94.27826433533612,0
2023-05-18 13:56:19.371393,123.8591597931629,0
2023-05-19 13:56:19.371393,80.41873134184435,0
2023-05-20 13:56:19.371393,103.21008998027938,0
2023-05-21 13:56:19.371393,130.51868597283743,0
2023-05-22 13:56:19.371393,89.4538237203234,0
2023-05-23 13:56:19.371393,95.63007384033092,0
2023-05-24 13:56:19.371393,107.21241742125682,0
2023-05-25 13:56:19.371393,96.62852562597054,0
2023-05-26 13:56:19.371393,75.5334824010173,0
2023-05-27 13:56:19.371393,95.01715330128302,0
2023-05-28 13:56:19.371393,80.97800221189658,0
2023-05-29 13:56:19.371393,106.5316866807174,0
2023-05-30 13:56:19.371393,92.11096256690485,0
2023-05-31 13:56:19.371393,128.68475189286272,0
2023-06-01 13:56:19.371393,94.64909449983048,0
2023-06-02 13:56:19.371393,93.8345680113101,0
2023-06-03 13:56:19.371393,108.09157550076696,0
2023-06-04 13:56:19.371393,79.82703539122717,0
2023-06-05 13:56:19.371393,102.79460255818464,0
2023-06-06 13:56:19.371393,125.205758982395,0
2023-06-07 13:56:19.371393,84.7029669407302,0
2023-06-08 13:56:19.371393,104.83922326764537,0
2023-06-09 13:56:19.371393,103.65274554490313,0
2023-06-10 13:56:19.371393,108.66797807024086,0
2023-06-11 13:56:19.371393,79.86337973151264,0
2023-06-12 13:56:19.371393,79.64948877688714,0
2023-06-13 13:56:19.371393,111.1832297742823,0
2023-06-14 13:56:19.371393,111.93773263683516,0
2023-06-15 13:56:19.371393,108.62058471445954,0
2023-06-16 13:56:19.371393,105.3993629183128,0
2023-06-17 13:56:19.371393,86.98492590724481,0
2023-06-18 13:56:19.371393,99.80314063579937,0
2023-06-19 13:56:19.371393,105.9164011630602,0
2023-06-20 13:56:19.371393,95.33552625825068,0
2023-06-21 13:56:19.371393,133.95480985390554,0
2023-06-22 13:56:19.371393,114.2423934946552,0
2023-06-23 13:56:19.371393,82.96526819583796,0
2023-06-24 13:56:19.371393,104.86019138818212,0
2023-06-25 13:56:19.371393,83.55663667306821,0
2023-06-26 13:56:19.371393,111.77193272344356,0
2023-06-27 13:56:19.371393,124.0852843697955,0
2023-06-28 13:56:19.371393,96.60293322261305,0
2023-06-29 13:56:19.371393,117.92035395651396,0
2023-06-30 13:56:19.371393,107.46433060411114,0
2023-07-01 13:56:19.371393,109.86269589941936,0
2023-07-02 13:56:19.371393,127.199006917411,0
2023-07-03 13:56:19.371393,100.719078951698,0
2023-07-04 13:56:19.371393,94.36502284214755,0
2023-07-05 13:56:19.371393,92.668425400741,0
2023-07-06 13:56:19.371393,90.90910696118031,0
2023-07-07 13:56:19.371393,97.4849663593187,0
2023-07-08 13:56:19.371393,101.72113669727244,0
2023-07-09 13:56:19.371393,102.15331824733732,0
2023-07-10 13:56:19.371393,114.37308056027392,0
2023-07-11 13:56:19.371393,107.30149384653603,0
2023-07-12 13:56:19.371393,129.17780010292245,0
2023-07-13 13:56:19.371393,102.89734620731066,0
2023-07-14 13:56:19.371393,140.71285342398755,0
2023-07-15 13:56:19.371393,110.38165599796474,0
2023-07-16 13:56:19.371393,86.08164484121204,0
2023-07-17 13:56:19.371393,84.36477701320442,0
2023-07-18 13:56:19.371393,111.41272134230836,0
2023-07-19 13:56:19.371393,104.50396991525218,0
2023-07-20 13:56:19.371393,115.17982309849448,0
2023-07-21 13:56:19.371393,108.30712798286493,0
2023-07-22 13:56:19.371393,96.73363954752428,0
2023-07-23 13:56:19.371393,84.94230077138619,0
2023-07-24 13:56:19.371393,77.66152170685072,0
2023-07-25 13:56:19.371393,96.87758530201992,0
2023-07-26 13:56:19.371393,119.3183800059632,0
2023-07-27 13:56:19.371393,109.2326628581372,0
2023-07-28 13:56:19.371393,81.99776590954617,0
2023-07-29 13:56:19.371393,97.86285091781323,0
2023-07-30 13:56:19.371393,103.60688837537364,0
2023-07-31 13:56:19.371393,89.06282729452033,0
2023-08-01 13:56:19.371393,107.09131673097504,0
2023-08-02 13:56:19.371393,108.4369020106966,0
2023-08-03 13:56:19.371393,87.85855442919811,0
2023-08-04 13:56:19.371393,103.98324715255627,0
2023-08-05 13:56:19.371393,105.94545304987004,0
2023-08-06 13:56:19.371393,114.95115654027605,0
2023-08-07 13:56:19.371393,119.33214643455116,0
2023-08-08 13:56:19.371393,87.21733153643888,0
2023-08-09 13:56:19.371393,91.57899711582616,0
2023-08-10 13:56:19.371393,111.1128474153004,0
2023-08-11 13:56:19.371393,108.71865530962552,0
2023-08-12 13:56:19.371393,105.80294126464412,0
2023-08-13 13:56:19.371393,156.55210907394513,0
2023-08-14 13:56:19.371393,116.31856856779206,0
2023-08-15 13:56:19.371393,124.68449887182834,0
2023-08-16 13:56:19.371393,123.77311590048998,0
2023-08-17 13:56:19.371393,116.44759905522383,0
2023-08-18 13:56:19.371393,96.8863025403295,0
2023-08-19 13:56:19.371393,108.34852900052284,0
2023-08-20 13:56:19.371393,87.49331726964854,0
2023-08-21 13:56:19.371393,97.36705262586464,0
2023-08-22 13:56:19.371393,98.54540945749,0
2023-08-23 13:56:19.371393,108.14729259745296,0
2023-08-24 13:56:19.371393,139.90402645543574,0
2023-08-25 13:56:19.371393,76.02200606107948,0
2023-08-26 13:56:19.371393,105.24146390081653,0
2023-08-27 13:56:19.371393,74.65425090989673,0
2023-08-28 13:56:19.371393,92.62644710414811,0
2023-08-29 13:56:19.371393,121.7560610772654,0
2023-08-30 13:56:19.371393,110.27444595506762,0
2023-08-31 13:56:19.371393,89.30069162215509,0
2023-09-01 13:56:19.371393,88.31109482772823,0
2023-09-02 13:56:19.371393,106.44043615588386,0
2023-09-03 13:56:19.371393,88.07938672749121,0
2023-09-04 13:56:19.371393,104.36481751647872,0
2023-09-05 13:56:19.371393,107.3492167625452,0
2023-09-06 13:56:19.371393,98.1655560230764,0
2023-09-07 13:56:19.371393,136.48513563777527,0
2023-09-08 13:56:19.371393,113.33788020295992,0
2023-09-09 13:56:19.371393,68.44200965952277,0
2023-09-10 13:56:19.371393,98.10185827515348,0
2023-09-11 13:56:19.371393,92.26338885598942,0
2023-09-12 13:56:19.371393,118.31199631988234,0
2023-09-13 13:56:19.371393,97.2180281164069,0
2023-09-14 13:56:19.371393,102.58017488522492,0
2023-09-15 13:56:19.371393,108.08340797764151,0
2023-09-16 13:56:19.371393,111.35002914940688,0
2023-09-17 13:56:19.371393,81.66139939676385,0
2023-09-18 13:56:19.371393,95.59862140206208,0
2023-09-19 13:56:19.371393,98.80483988513194,0
2023-09-20 13:56:19.371393,97.42518506081664,0
2023-09-21 13:56:19.371393,130.87375080588595,0
2023-09-22 13:56:19.371393,109.48268204941522,0
2023-09-23 13:56:19.371393,79.66036932900676,0
2023-09-24 13:56:19.371393,110.33480872638216,0
2023-09-25 13:56:19.371393,135.38582382782766,0
2023-09-26 13:56:19.371393,125.46471870339016,0
2023-09-27 13:56:19.371393,87.17056194193793,0
2023-09-28 13:56:19.371393,96.17296379678784,0
2023-09-29 13:56:19.371393,119.01154492189036,0
2023-09-30 13:56:19.371393,88.98147294699822,0
2023-10-01 13:56:19.371393,104.22628130455304,0
2023-10-02 13:56:19.371393,114.6321389318952,0
2023-10-03 13:56:19.371393,94.06841423185838,0
2023-10-04 13:56:19.371393,105.99860064316796,0
2023-10-05 13:56:19.371393,56.770268658868474,0
2023-10-06 13:56:19.371393,80.77179355028471,0
2023-10-07 13:56:19.371393,92.05401752322196,0
2023-10-08 13:56:19.371393,79.22949661050926,0
2023-10-09 13:56:19.371393,125.06911922002548,0
2023-10-10 13:56:19.371393,87.63394866493319,0
2023-10-11 13:56:19.371393,99.71736712694768,0
2023-10-12 13:56:19.371393,106.792264067574,0
2023-10-13 13:56:19.371393,122.82890704716144,0
2023-10-14 13:56:19.371393,78.58031887611548,0
2023-10-15 13:56:19.371393,114.11633075759585,0
2023-10-16 13:56:19.371393,104.29512899105345,0
2023-10-17 13:56:19.371393,92.35604054572624,0
2023-10-18 13:56:19.371393,113.7917957294308,0
2023-10-19 13:56:19.371393,109.29449370213295,0
2023-10-20 13:56:19.371393,92.52677751724366,0
2023-10-21 13:56:19.371393,98.20506946566556,0
2023-10-22 13:56:19.371393,92.9216455813,0
2023-10-23 13:56:19.371393,103.79492473689866,0
2023-10-24 13:56:19.371393,117.03061000384564,0
2023-10-25 13:56:19.371393,133.187952803474,0
2023-10-26 13:56:19.371393,89.75098149353248,0
2023-10-27 13:56:19.371393,131.6411800736095,0
2023-10-28 13:56:19.371393,71.85816145361429,0
2023-10-29 13:56:19.371393,93.85988230748754,0
2023-10-30 13:56:19.371393,111.08074632801724,0
2023-10-31 13:56:19.371393,112.11211006116734,0
2023-11-01 13:56:19.371393,99.63535776971692,0
2023-11-02 13:56:19.371393,101.91112071720046,0
2023-11-03 13:56:19.371393,93.53667935624976,0
2023-11-04 13:56:19.371393,88.55855702055274,0
2023-11-05 13:56:19.371393,110.62072974503046,0
2023-11-06 13:56:19.371393,109.3573052639788,0
2023-11-07 13:56:19.371393,97.40124400982828,0
2023-11-08 13:56:19.371393,121.06876209339072,0
2023-11-09 13:56:19.371393,111.85578771807596,0
2023-11-10 13:56:19.371393,114.18909185880432,0
2023-11-11 13:56:19.371393,108.97870225382552,0
2023-11-12 13:56:19.371393,87.55378764921119,0
2023-11-13 13:56:19.371393,93.36266316196648,0
2023-11-14 13:56:19.371393,117.47482780538571,0
2023-11-15 13:56:19.371393,118.8076763229497,0
2023-11-16 13:56:19.371393,106.7766624184206,0
2023-11-17 13:56:19.371393,103.31815829588597,0
2023-11-18 13:56:19.371393,117.68214970550588,0
2023-11-19 13:56:19.371393,92.05548672567298,0
2023-11-20 13:56:19.371393,110.49200939011796,0
2023-11-21 13:56:19.371393,105.01546856484347,0
2023-11-22 13:56:19.371393,105.21096836898516,0
2023-11-23 13:56:19.371393,122.28216831229432,0
2023-11-24 13:56:19.371393,115.56004337046214,0
2023-11-25 13:56:19.371393,112.01400931614673,0
2023-11-26 13:56:19.371393,120.01442562658936,0
2023-11-27 13:56:19.371393,105.4665001871503,0
2023-11-28 13:56:19.371393,117.84510200047968,0
2023-11-29 13:56:19.371393,105.17514841205524,0
2023-11-30 13:56:19.371393,110.72942882411994,0
2023-12-01 13:56:19.371393,100.14137837130907,0
2023-12-02 13:56:19.371393,99.79443775111258,0
2023-12-03 13:56:19.371393,108.20764174432486,0
2023-12-04 13:56:19.371393,91.76745392593028,0
2023-12-05 13:56:19.371393,137.70171194021506,0
2023-12-06 13:56:19.371393,96.79455003243514,0
2023-12-07 13:56:19.371393,86.88604450701541,0
2023-12-08 13:56:19.371393,117.15084885761502,0
2023-12-09 13:56:19.371393,111.9853857342964,0
2023-12-10 13:56:19.371393,109.93117841687176,0
2023-12-11 13:56:19.371393,113.70830048065145,0
2023-12-12 13:56:19.371393,108.3962858677015,0
2023-12-13 13:56:19.371393,95.5654525753918,0
2023-12-14 13:56:19.371393,106.1830323260328,0
2023-12-15 13:56:19.371393,91.6214588643339,0
2023-12-16 13:56:19.371393,112.25430232679054,0
2023-12-17 13:56:19.371393,98.46041209780672,0
2023-12-18 13:56:19.371393,90.82358325789292,0
2023-12-19 13:56:19.371393,101.54072811333438,0
2023-12-20 13:56:19.371393,114.60268418637696,0
2023-12-21 13:56:19.371393,98.56381882216614,0
2023-12-22 13:56:19.371393,88.75365725313227,0
2023-12-23 13:56:19.371393,101.06603433678282,0
2023-12-24 13:56:19.371393,103.29194458796898,0
2023-12-25 13:56:19.371393,96.15504682823008,0
2023-12-26 13:56:19.371393,99.89908751088828,0
2023-12-27 13:56:19.371393,111.79529737236248,0
2023-12-28 13:56:19.371393,85.0876833103643,0
2023-12-29 13:56:19.371393,78.69739301980034,0
2023-12-30 13:56:19.371393,85.69843642228442,0
2023-12-31 13:56:19.371393,94.94897895421052,0
2024-01-01 13:56:19.371393,107.65851137939084,0
2024-01-02 13:56:19.371393,130.3153518045224,0
2024-01-03 13:56:19.371393,124.29106908939173,0
2024-01-04 13:56:19.371393,105.72944765507552,0
2024-01-05 13:56:19.371393,101.65828295137928,0
2024-01-06 13:56:19.371393,83.80324826466169,0
2024-01-07 13:56:19.371393,97.7534703742402,0
2024-01-08 13:56:19.371393,99.01546745362188,0
2024-01-09 13:56:19.371393,112.23148256277368,0
2024-01-10 13:56:19.371393,97.27932366390168,0
2024-01-11 13:56:19.371393,113.2875487755956,0
2024-01-12 13:56:19.371393,125.76041987701066,0
2024-01-13 13:56:19.371393,99.6900001999391,0
2024-01-14 13:56:19.371393,105.71551843913788,0
2024-01-15 13:56:19.371393,114.56371171958024,0
2024-01-16 13:56:19.371393,102.99722150601076,0
2024-01-17 13:56:19.371393,112.19574893866644,0
2024-01-18 13:56:19.371393,107.24787960118128,0
2024-01-19 13:56:19.371393,103.70051074276287,0
2024-01-20 13:56:19.371393,87.59026475553516,0
2024-01-21 13:56:19.371393,98.91752167709744,0
2024-01-22 13:56:19.371393,111.07172653639144,0
2024-01-23 13:56:19.371393,130.50348418290477,0
2024-01-24 13:56:19.371393,126.04405037047772,0
2024-01-25 13:56:19.371393,140.8115605953089,0
2024-01-26 13:56:19.371393,94.15152392062252,0
2024-01-27 13:56:19.371393,111.38532238196332,0
2024-01-28 13:56:19.371393,103.74950491193133,0
2024-01-29 13:56:19.371393,137.00199448945835,0
2024-01-30 13:56:19.371393,99.27488258095867,0
2024-01-31 13:56:19.371393,96.00630018629332,0
2024-02-01 13:56:19.371393,96.58915903255688,0
2024-02-02 13:56:19.371393,69.45106134302078,0
2024-02-03 13:56:19.371393,88.01414124818159,0
2024-02-04 13:56:19.371393,87.34526678917251,0
2024-02-05 13:56:19.371393,104.8404334760604,0
2024-02-06 13:56:19.371393,113.37954039660347,0
2024-02-07 13:56:19.371393,138.22515618880777,0
2024-02-08 13:56:19.371393,124.1282918872595,0
2024-02-09 13:56:19.371393,95.4798556582022,0
2024-02-10 13:56:19.371393,85.0971259346858,0
2024-02-11 13:56:19.371393,105.88934275372608,0
2024-02-12 13:56:19.371393,84.70543617006291,0
2024-02-13 13:56:19.371393,133.78158251716178,0
2024-02-14 13:56:19.371393,129.88439962344464,0
2024-02-15 13:56:19.371393,102.07022387636172,0
2024-02-16 13:56:19.371393,76.30058575568515,0
2024-02-17 13:56:19.371393,117.03350462714062,0
2024-02-18 13:56:19.371393,100.05609537158465,0
2024-02-19 13:56:19.371393,122.5628542167602,0
2024-02-20 13:56:19.371393,86.24902795210063,0
2024-02-21 13:56:19.371393,98.51891701181265,0
2024-02-22 13:56:19.371393,106.11996589254191,0
2024-02-23 13:56:19.371393,103.1772868001378,0
2024-02-24 13:56:19.371393,92.732107046916,0
2024-02-25 13:56:19.371393,108.75680227756388,0
2024-02-26 13:56:19.371393,88.92137378701747,0
2024-02-27 13:56:19.371393,104.73560251572256,0
2024-02-28 13:56:19.371393,111.23263428815986,0
2024-02-29 13:56:19.371393,115.09926463528498,0
2024-03-01 13:56:19.371393,114.11473093927418,0
2024-03-02 13:56:19.371393,83.77720215545027,0
2024-03-03 13:56:19.371393,75.57685024217041,0
2024-03-04 13:56:19.371393,120.85283735269456,0
2024-03-05 13:56:19.371393,115.1191513273033,0
2024-03-06 13:56:19.371393,99.3092566452912,0
2024-03-07 13:56:19.371393,129.52762399295457,0
2024-03-08 13:56:19.371393,106.68846321810052,0
2024-03-09 13:56:19.371393,117.6636645218583,0
2024-03-10 13:56:19.371393,103.0599862609973,0
2024-03-11 13:56:19.371393,135.4172174993296,0
2024-03-12 13:56:19.371393,137.99099179892113,0
2024-03-13 13:56:19.371393,109.15927651361513,0
2024-03-14 13:56:19.371393,121.8889106112648,0
2024-03-15 13:56:19.371393,113.94011160931596,0
2024-03-16 13:56:19.371393,121.29884496300777,0
2024-03-17 13:56:19.371393,88.00687517525897,0
2024-03-18 13:56:19.371393,113.36145941750246,0
2024-03-19 13:56:19.371393,125.40167065683409,0
2024-03-20 13:56:19.371393,85.32371433024578,0
2024-03-21 13:56:19.371393,87.25291243862574,0
2024-03-22 13:56:19.371393,70.27738988187319,0
2024-03-23 13:56:19.371393,92.43199691060988,0
2024-03-24 13:56:19.371393,110.4271761156603,0
2024-03-25 13:56:19.371393,127.9180733930063,0
2024-03-26 13:56:19.371393,112.1623864579374,0
2024-03-27 13:56:19.371393,134.88011139027228,0
2024-03-28 13:56:19.371393,89.32590796139175,0
2024-03-29 13:56:19.371393,75.59243551022408,0
2024-03-30 13:56:19.371393,96.24138850666404,0
2024-03-31 13:56:19.371393,105.8759631724158,0
2024-04-01 13:56:19.371393,104.50717509582992,0
2024-04-02 13:56:19.371393,77.76824342132507,0
2024-04-03 13:56:19.371393,105.7446633103498,0
2024-04-04 13:56:19.371393,87.61684251904992,0
2024-04-05 13:56:19.371393,111.08735378876789,0
2024-04-06 13:56:19.371393,106.19306950942038,0
2024-04-07 13:56:19.371393,87.08195274369145,0
2024-04-08 13:56:19.371393,95.48019151431866,0
2024-04-09 13:56:19.371393,92.05897373543776,0
2024-04-10 13:56:19.371393,107.64035047535536,0
2024-04-11 13:56:19.371393,121.77058855064192,0
2024-04-12 13:56:19.371393,89.74174946444344,0
2024-04-13 13:56:19.371393,106.19023311830291,0
2024-04-14 13:56:19.371393,93.29600162390336,0
2024-04-15 13:56:19.371393,91.98650767845528,0
2024-04-16 13:56:19.371393,106.06235278086724,0
2024-04-17 13:56:19.371393,94.52224000270525,0
2024-04-18 13:56:19.371393,97.8969031156507,0
2024-04-19 13:56:19.371393,84.2421032271446,0
2024-04-20 13:56:19.371393,127.62044775555115,0
2024-04-21 13:56:19.371393,103.99184064279082,0
2024-04-22 13:56:19.371393,94.5233014443903,0
2024-04-23 13:56:19.371393,111.2011862177924,0
2024-04-24 13:56:19.371393,108.94983743732593,0
2024-04-25 13:56:19.371393,104.39985844632228,0
2024-04-26 13:56:19.371393,112.14306764969596,0
2024-04-27 13:56:19.371393,112.37228285477012,0
2024-04-28 13:56:19.371393,94.05055365897898,0
2024-04-29 13:56:19.371393,95.45778175622758,0
2024-04-30 13:56:19.371393,104.02916013068824,0
2024-05-01 13:56:19.371393,75.45873810294414,0
2024-05-02 13:56:19.371393,81.707426572904,0
2024-05-03 13:56:19.371393,121.23443797337043,0
2024-05-04 13:56:19.371393,126.66331993894724,0
2024-05-05 13:56:19.371393,99.77163398820888,0
2024-05-06 13:56:19.371393,113.38551784465716,0
2024-05-07 13:56:19.371393,114.68646151495884,0
2024-05-08 13:56:19.371393,157.30649783923363,0
2024-05-09 13:56:19.371393,129.48369215102997,0
2024-05-10 13:56:19.371393,103.66018664730404,0
2024-05-11 13:56:19.371393,85.96827249481488,0
2024-05-12 13:56:19.371393,75.41097503327784,0
2024-05-13 13:56:19.371393,105.42305204133608,0
2024-05-14 13:56:19.371393,97.94620143720924,0
2024-05-15 13:56:19.371393,88.18545406066497,0
2024-05-16 13:56:19.371393,96.1493708380164,0
2024-05-17 13:56:19.371393,86.09229833399809,0
2024-05-18 13:56:19.371393,123.9217147985792,0
2024-05-19 13:56:19.371393,116.59761042175936,0
2024-05-20 13:56:19.371393,106.44017142242652,0
2024-05-21 13:56:19.371393,131.66233663793315,0
2024-05-22 13:56:19.371393,114.12139783941676,0
2024-05-23 13:56:19.371393,95.59229545960535,0
2024-05-24 13:56:19.371393,125.17667200941762,0
2024-05-25 13:56:19.371393,110.6766782953025,0
2024-05-26 13:56:19.371393,86.5598181022932,0
2024-05-27 13:56:19.371393,100.77090163897522,0
2024-05-28 13:56:19.371393,95.8319737754662,0
2024-05-29 13:56:19.371393,88.7058409739907,0
2024-05-30 13:56:19.371393,359.79799801788505,1
2024-05-31 13:56:19.371393,400.42529253618136,1
2024-06-01 13:56:19.371393,247.54306974902948,1
2024-06-02 13:56:19.371393,323.4504503889578,1
2024-06-03 13:56:19.371393,288.1861294284133,1
2024-06-04 13:56:19.371393,303.7754429104499,1
2024-06-05 13:56:19.371393,303.5237363830231,1
2024-06-06 13:56:19.371393,283.1910450894741,1
2024-06-07 13:56:19.371393,309.2343216797011,1
2024-06-08 13:56:19.371393,264.1767582467461,1
2024-06-09 13:56:19.371393,312.16076074774696,1
2024-06-10 13:56:19.371393,314.2853611495629,1
2024-06-11 13:56:19.371393,317.7633462429881,1
2024-06-12 13:56:19.371393,290.94988851515427,1
2024-06-13 13:56:19.371393,295.06853506270426,1
2024-06-14 13:56:19.371393,342.44120258166623,1
2024-06-15 13:56:19.371393,327.64147501853665,1
2024-06-16 13:56:19.371393,262.5566892488981,1
2024-06-17 13:56:19.371393,316.26562266920416,1
2024-06-18 13:56:19.371393,362.7364550556715,1
2024-06-19 13:56:19.371393,261.3743265378328,1
2024-06-20 13:56:19.371393,342.72689739764365,1
2024-06-21 13:56:19.371393,283.6063645004383,1
2024-06-22 13:56:19.371393,325.1036578540087,1
2024-06-23 13:56:19.371393,272.15623150396726,1
2024-06-24 13:56:19.371393,231.74592862049298,1
2024-06-25 13:56:19.371393,247.4426553943274,1
2024-06-26 13:56:19.371393,327.3420068219224,1
2024-06-27 13:56:19.371393,336.76996934642256,1
2024-06-28 13:56:19.371393,272.34449271818124,1
2024-06-29 13:56:19.371393,327.2471912340727,1
2024-06-30 13:56:19.371393,232.15884408428298,1
2024-07-01 13:56:19.371393,306.2022934692992,1
2024-07-02 13:56:19.371393,273.84197259463957,1
2024-07-03 13:56:19.371393,298.6954910910942,1
2024-07-04 13:56:19.371393,324.5607454051112,1
2024-07-05 13:56:19.371393,273.30921701597015,1
2024-07-06 13:56:19.371393,281.5120035285275,1
2024-07-07 13:56:19.371393,347.84690453048177,1
2024-07-08 13:56:19.371393,294.99455632450633,1
2024-07-09 13:56:19.371393,365.0330729124021,1
2024-07-10 13:56:19.371393,286.52041751437474,1
2024-07-11 13:56:19.371393,345.2614858443894,1
2024-07-12 13:56:19.371393,379.17848042728156,1
2024-07-13 13:56:19.371393,198.38992685427263,1
2024-07-14 13:56:19.371393,258.60123395223536,1
2024-07-15 13:56:19.371393,338.2083691183482,1
2024-07-16 13:56:19.371393,322.8212667769205,1
2024-07-17 13:56:19.371393,350.04760966212825,1
2024-07-18 13:56:19.371393,300.80368365076464,1
2024-07-19 13:56:19.371393,313.96865271459376,1
2024-07-20 13:56:19.371393,296.2974709960886,1
2024-07-21 13:56:19.371393,357.01246763727954,1
2024-07-22 13:56:19.371393,333.7401847122817,1
2024-07-23 13:56:19.371393,346.91361050163243,1
2024-07-24 13:56:19.371393,317.4308162573796,1
2024-07-25 13:56:19.371393,302.98905762923977,1
2024-07-26 13:56:19.371393,291.0355312242773,1
2024-07-27 13:56:19.371393,318.96998084672373,1
2024-07-28 13:56:19.371393,287.9952242107402,1
2024-07-29 13:56:19.371393,328.63939098141236,1
2024-07-30 13:56:19.371393,424.81444727420643,1
2024-07-31 13:56:19.371393,383.16597506457424,1
2024-08-01 13:56:19.371393,317.04379464566813,1
2024-08-02 13:56:19.371393,366.17074987518157,1
2024-08-03 13:56:19.371393,290.57976451882115,1
2024-08-04 13:56:19.371393,212.5949001318582,1
2024-08-05 13:56:19.371393,262.905606021902,1
2024-08-06 13:56:19.371393,240.87239639304698,1
2024-08-07 13:56:19.371393,309.9630515401734,1
2024-08-08 13:56:19.371393,325.4333883043102,1
2024-08-09 13:56:19.371393,388.6047617960563,1
2024-08-10 13:56:19.371393,326.10828931626554,1
2024-08-11 13:56:19.371393,298.213832898207,1
2024-08-12 13:56:19.371393,354.3646344430768,1
2024-08-13 13:56:19.371393,234.91284677597235,1
2024-08-14 13:56:19.371393,335.9978584752101,1
2024-08-15 13:56:19.371393,362.1069756591971,1
2024-08-16 13:56:19.371393,250.5060604190632,1
2024-08-17 13:56:19.371393,349.2656193034908,1
2024-08-18 13:56:19.371393,325.83142803057683,1
2024-08-19 13:56:19.371393,301.325186677522,1
2024-08-20 13:56:19.371393,357.79517487955536,1
2024-08-21 13:56:19.371393,440.07461477188076,1
2024-08-22 13:56:19.371393,346.21969904158476,1
2024-08-23 13:56:19.371393,326.8336402009102,1
2024-08-24 13:56:19.371393,284.96820485805273,1
2024-08-25 13:56:19.371393,266.1363516228685,1
2024-08-26 13:56:19.371393,351.61874690677803,1
2024-08-27 13:56:19.371393,296.03557476179896,1
2024-08-28 13:56:19.371393,335.14795683377974,1
2024-08-29 13:56:19.371393,306.2584666657109,1
2024-08-30 13:56:19.371393,333.43168273839564,1
2024-08-31 13:56:19.371393,321.52404432902506,1
2024-09-01 13:56:19.371393,354.93422968748774,1
2024-09-02 13:56:19.371393,300.3926850202849,1
2024-09-03 13:56:19.371393,317.50236865084673,1
2024-09-04 13:56:19.371393,290.23978833760845,1
2024-09-05 13:56:19.371393,303.47903821709934,1
2024-09-06 13:56:19.371393,328.7881699219655,1
2024-09-07 13:56:19.371393,340.31938605851025,1
2024-09-08 13:56:19.371393,268.83702678083745,1
2024-09-09 13:56:19.371393,354.0759690828379,1
2024-09-10 13:56:19.371393,396.22877279152743,1
2024-09-11 13:56:19.371393,360.9713666069466,1
2024-09-12 13:56:19.371393,415.21120431257134,1
2024-09-13 13:56:19.371393,288.3723503848338,1
2024-09-14 13:56:19.371393,246.4138547067422,1
2024-09-15 13:56:19.371393,221.11150203296108,1
2024-09-16 13:56:19.371393,377.70314422030845,1
2024-09-17 13:56:19.371393,367.2442411949841,1
2024-09-18 13:56:19.371393,337.1770326112553,1
2024-09-19 13:56:19.371393,341.1845475322815,1
2024-09-20 13:56:19.371393,265.353191538039,1
2024-09-21 13:56:19.371393,410.3902395538338,1
2024-09-22 13:56:19.371393,323.57650490724774,1
2024-09-23 13:56:19.371393,325.7604162479455,1
2024-09-24 13:56:19.371393,365.47301193725616,1
2024-09-25 13:56:19.371393,361.35663530460516,1
2024-09-26 13:56:19.371393,341.2887007097843,1
2024-09-27 13:56:19.371393,280.64926348917595,1
2024-09-28 13:56:19.371393,323.2870837373101,1
2024-09-29 13:56:19.371393,393.9523384780863,1
2024-09-30 13:56:19.371393,388.6291359247829,1
2024-10-01 13:56:19.371393,411.0037840282714,1
2024-10-02 13:56:19.371393,321.46959164615134,1
2024-10-03 13:56:19.371393,282.9029983397436,1
2024-10-04 13:56:19.371393,304.931632342727,1
2024-10-05 13:56:19.371393,307.2168656045368,1
2024-10-06 13:56:19.371393,357.1028326546262,1
2024-10-07 13:56:19.371393,248.44937492829564,1
2024-10-08 13:56:19.371393,394.3321741055773,1
2024-10-09 13:56:19.371393,335.90678065723046,1
2024-10-10 13:56:19.371393,309.8792860048525,1
2024-10-11 13:56:19.371393,267.95497562701485,1
2024-10-12 13:56:19.371393,226.75302864601474,1
2024-10-13 13:56:19.371393,337.0705069058672,1
2024-10-14 13:56:19.371393,326.1163592140644,1
2024-10-15 13:56:19.371393,275.43086767007895,1
2024-10-16 13:56:19.371393,273.0584607068729,1
2024-10-17 13:56:19.371393,307.90379068939524,1
2024-10-18 13:56:19.371393,388.61809162019813,1
2024-10-19 13:56:19.371393,301.8162796679302,1
2024-10-20 13:56:19.371393,240.10272283945764,1
2024-10-21 13:56:19.371393,302.2718344000775,1
2024-10-22 13:56:19.371393,319.0320950383833,1
2024-10-23 13:56:19.371393,214.547229254195,1
2024-10-24 13:56:19.371393,314.92971001888196,1
2024-10-25 13:56:19.371393,304.0326610557354,1
2024-10-26 13:56:19.371393,336.57863383945,1
2024-10-27 13:56:19.371393,394.63341541946465,1
2024-10-28 13:56:19.371393,379.6887678715944,1
2024-10-29 13:56:19.371393,327.15635794921155,1
2024-10-30 13:56:19.371393,287.13588858427306,1
2024-10-31 13:56:19.371393,440.6430360914337,1
2024-11-01 13:56:19.371393,329.8708770530318,1
2024-11-02 13:56:19.371393,308.6699871586585,1
2024-11-03 13:56:19.371393,307.76389755889585,1
2024-11-04 13:56:19.371393,329.4302039904433,1
2024-11-05 13:56:19.371393,327.9442740994872,1
2024-11-06 13:56:19.371393,311.4035557830656,1
2024-11-07 13:56:19.371393,302.8699593092519,1
2024-11-08 13:56:19.371393,312.164842684442,1
2024-11-09 13:56:19.371393,282.0284508846976,1
2024-11-10 13:56:19.371393,274.3173126309772,1
2024-11-11 13:56:19.371393,322.171091509233,1
2024-11-12 13:56:19.371393,322.4506066040049,1
2024-11-13 13:56:19.371393,404.55866382934903,1
2024-11-14 13:56:19.371393,217.71048109201269,1
2024-11-15 13:56:19.371393,354.45060035894903,1
2024-11-16 13:56:19.371393,366.99497501556107,1
2024-11-17 13:56:19.371393,221.79946480616798,1
2024-11-18 13:56:19.371393,296.91900474700077,1
2024-11-19 13:56:19.371393,314.8945337419094,1
2024-11-20 13:56:19.371393,272.9953457946167,1
2024-11-21 13:56:19.371393,289.05603972463587,1
2024-11-22 13:56:19.371393,262.70143483973857,1
2024-11-23 13:56:19.371393,380.80839475530985,1
2024-11-24 13:56:19.371393,358.7988949301452,1
2024-11-25 13:56:19.371393,383.4698687677527,1
2024-11-26 13:56:19.371393,372.9497019957416,1
2024-11-27 13:56:19.371393,291.5415591775262,1
2024-11-28 13:56:19.371393,302.5190000219267,1
2024-11-29 13:56:19.371393,336.2554991706851,1
2024-11-30 13:56:19.371393,254.52587983420358,1
2024-12-01 13:56:19.371393,336.36004510415717,1
2024-12-02 13:56:19.371393,313.40136159330035,1
2024-12-03 13:56:19.371393,316.81067205661867,1
2024-12-04 13:56:19.371393,368.93818445754647,1
2024-12-05 13:56:19.371393,354.06392354939067,1
2024-12-06 13:56:19.371393,303.3546588063168,1
2024-12-07 13:56:19.371393,358.6113883492956,1
2024-12-08 13:56:19.371393,266.24581685591323,1
2024-12-09 13:56:19.371393,345.1316839980818,1
2024-12-10 13:56:19.371393,363.7501972454058,1
2024-12-11 13:56:19.371393,327.91934863813844,1
2024-12-12 13:56:19.371393,344.8561769514736,1
2024-12-13 13:56:19.371393,262.58725067104535,1
2024-12-14 13:56:19.371393,344.15602224868786,1
2024-12-15 13:56:19.371393,305.33753384791316,1
2024-12-16 13:56:19.371393,298.01121746143286,1
2024-12-17 13:56:19.371393,379.7640091458235,1
2024-12-18 13:56:19.371393,311.96485352288585,1
2024-12-19 13:56:19.371393,265.4139831026931,1
2024-12-20 13:56:19.371393,241.10482941493217,1
2024-12-21 13:56:19.371393,327.9070120693195,1
2024-12-22 13:56:19.371393,254.62390810757893,1
2024-12-23 13:56:19.371393,395.63812900005405,1
2024-12-24 13:56:19.371393,248.84446178225892,1
2024-12-25 13:56:19.371393,407.1189014340049,1
2024-12-26 13:56:19.371393,348.01593225428184,1
2024-12-27 13:56:19.371393,315.2712471044977,1
2024-12-28 13:56:19.371393,283.74184712131955,1
2024-12-29 13:56:19.371393,325.99783762095467,1
2024-12-30 13:56:19.371393,322.32622215297675,1
2024-12-31 13:56:19.371393,385.058679143062,1
2025-01-01 13:56:19.371393,349.75003078682533,1
2025-01-02 13:56:19.371393,339.7568384312308,1
2025-01-03 13:56:19.371393,302.6448782067371,1
2025-01-04 13:56:19.371393,304.6480160704982,1
2025-01-05 13:56:19.371393,324.1884089701718,1
2025-01-06 13:56:19.371393,247.0912632274681,1
2025-01-07 13:56:19.371393,267.4282545650093,1
2025-01-08 13:56:19.371393,366.50362837025057,1
2025-01-09 13:56:19.371393,342.5675636395465,1
2025-01-10 13:56:19.371393,311.21925014132194,1
2025-01-11 13:56:19.371393,309.10753331934757,1
2025-01-12 13:56:19.371393,326.6344578361891,1
2025-01-13 13:56:19.371393,300.21426016969644,1
2025-01-14 13:56:19.371393,298.5951856108849,1
2025-01-15 13:56:19.371393,345.1964737232113,1
2025-01-16 13:56:19.371393,288.9311284664076,1
2025-01-17 13:56:19.371393,332.7162307670286,1
2025-01-18 13:56:19.371393,234.02144220327278,1
2025-01-19 13:56:19.371393,350.00667566296124,1
2025-01-20 13:56:19.371393,348.31755427488315,1
2025-01-21 13:56:19.371393,350.16056570863293,1
2025-01-22 13:56:19.371393,385.9710695311386,1
2025-01-23 13:56:19.371393,412.1917130406929,1
2025-01-24 13:56:19.371393,372.52756814312204,1
2025-01-25 13:56:19.371393,231.989497721661,1
2025-01-26 13:56:19.371393,246.1205140320393,1
2025-01-27 13:56:19.371393,288.75521540689823,1
2025-01-28 13:56:19.371393,334.0670910371973,1
2025-01-29 13:56:19.371393,363.64528370755795,1
2025-01-30 13:56:19.371393,302.5643128656133,1
2025-01-31 13:56:19.371393,324.532679601267,1
2025-02-01 13:56:19.371393,276.2471173215001,1
2025-02-02 13:56:19.371393,280.8189383604919,1
2025-02-03 13:56:19.371393,257.2521444778787,1
2025-02-04 13:56:19.371393,288.40719060981695,1
2025-02-05 13:56:19.371393,275.1688304909744,1
2025-02-06 13:56:19.371393,282.67084275188125,1
2025-02-07 13:56:19.371393,361.7627090357784,1
2025-02-08 13:56:19.371393,271.44940222341336,1
2025-02-09 13:56:19.371393,426.5246609030023,1
2025-02-10 13:56:19.371393,357.53177162994115,1
2025-02-11 13:56:19.371393,348.5082749662841,1
2025-02-12 13:56:19.371393,303.5886460712012,1
2025-02-13 13:56:19.371393,361.1510652672872,1
2025-02-14 13:56:19.371393,296.5031482592651,1
2025-02-15 13:56:19.371393,313.34683780224043,1
2025-02-16 13:56:19.371393,427.671015765299,1
2025-02-17 13:56:19.371393,331.3344060889212,1
2025-02-18 13:56:19.371393,389.49821252876797,1
2025-02-19 13:56:19.371393,314.88080080493927,1
2025-02-20 13:56:19.371393,329.401854094895,1
2025-02-21 13:56:19.371393,399.1279579263239,1
2025-02-22 13:56:19.371393,290.1153595094556,1
2025-02-23 13:56:19.371393,391.9142488237863,1
2025-02-24 13:56:19.371393,364.1402619778752,1
2025-02-25 13:56:19.371393,315.9604935195657,1
2025-02-26 13:56:19.371393,367.8383162921825,1
2025-02-27 13:56:19.371393,380.24703794918565,1
2025-02-28 13:56:19.371393,352.7178960079292,1
2025-03-01 13:56:19.371393,243.2377585229952,1
2025-03-02 13:56:19.371393,273.1551307031592,1
2025-03-03 13:56:19.371393,309.4871744704964,1
2025-03-04 13:56:19.371393,332.66668537456763,1
2025-03-05 13:56:19.371393,369.1908316099649,1
2025-03-06 13:56:19.371393,344.8238842897578,1
2025-03-07 13:56:19.371393,261.3136362002567,1
2025-03-08 13:56:19.371393,322.07634823256654,1
2025-03-09 13:56:19.371393,341.4465211240083,1
2025-03-10 13:56:19.371393,352.85522226929726,1
2025-03-11 13:56:19.371393,389.1981271139086,1
2025-03-12 13:56:19.371393,384.6502283488188,1
2025-03-13 13:56:19.371393,359.2463824869252,1
2025-03-14 13:56:19.371393,319.89892514629076,1
2025-03-15 13:56:19.371393,236.29273182368206,1
2025-03-16 13:56:19.371393,324.934620806314,1
2025-03-17 13:56:19.371393,335.5694080029707,1
2025-03-18 13:56:19.371393,351.26546071110954,1
2025-03-19 13:56:19.371393,286.0867788419244,1
2025-03-20 13:56:19.371393,280.2893896525846,1
2025-03-21 13:56:19.371393,362.7625612784768,1
2025-03-22 13:56:19.371393,313.75235552157085,1
2025-03-23 13:56:19.371393,344.22529469690437,1
2025-03-24 13:56:19.371393,329.63685639556,1
2025-03-25 13:56:19.371393,340.000184153884,1
2025-03-26 13:56:19.371393,384.84670836703583,1
2025-03-27 13:56:19.371393,315.800914153686,1
2025-03-28 13:56:19.371393,323.4572702909509,1
2025-03-29 13:56:19.371393,291.00942035464084,1
2025-03-30 13:56:19.371393,291.9411395639889,1
2025-03-31 13:56:19.371393,309.4313684003088,1
2025-04-01 13:56:19.371393,346.8466288005672,1
2025-04-02 13:56:19.371393,321.97489358792745,1
2025-04-03 13:56:19.371393,389.45477109636414,1
2025-04-04 13:56:19.371393,286.44989242299545,1
2025-04-05 13:56:19.371393,299.9118465723112,1
2025-04-06 13:56:19.371393,292.80581479787315,1
2025-04-07 13:56:19.371393,388.75458627570526,1
2025-04-08 13:56:19.371393,353.8378958076115,1
2025-04-09 13:56:19.371393,390.86071253957687,1
2025-04-10 13:56:19.371393,273.19411055405726,1
2025-04-11 13:56:19.371393,327.30841693275937,1
2025-04-12 13:56:19.371393,352.6503088136035,1
2025-04-13 13:56:19.371393,321.7803381617341,1
2025-04-14 13:56:19.371393,374.6946506941139,1
2025-04-15 13:56:19.371393,320.5189570519145,1
2025-04-16 13:56:19.371393,404.7264491962702,1
2025-04-17 13:56:19.371393,445.0913165692569,1
2025-04-18 13:56:19.371393,316.36314035037833,1
2025-04-19 13:56:19.371393,291.68478188927605,1
2025-04-20 13:56:19.371393,377.59330742220357,1
2025-04-21 13:56:19.371393,403.62007730010174,1
2025-04-22 13:56:19.371393,323.37077874513284,1
2025-04-23 13:56:19.371393,322.8925897879274,1
2025-04-24 13:56:19.371393,320.9872076668338,1
2025-04-25 13:56:19.371393,259.9901916833785,1
2025-04-26 13:56:19.371393,264.96576289382193,1
2025-04-27 13:56:19.371393,264.54276954851946,1
2025-04-28 13:56:19.371393,286.8933865251669,1
2025-04-29 13:56:19.371393,333.87599095713216,1
2025-04-30 13:56:19.371393,353.60118074258406,1
2025-05-01 13:56:19.371393,406.72089633765444,1
2025-05-02 13:56:19.371393,284.3479017137562,1
2025-05-03 13:56:19.371393,353.2453794200946,1
2025-05-04 13:56:19.371393,309.13756771484066,1
2025-05-05 13:56:19.371393,323.88788983712493,1
2025-05-06 13:56:19.371393,369.71313836823,1
2025-05-07 13:56:19.371393,296.33274154924703,1
2025-05-08 13:56:19.371393,348.6399688199699,1
2025-05-09 13:56:19.371393,331.16609016482107,1
2025-05-10 13:56:19.371393,336.00299721412154,1
2025-05-11 13:56:19.371393,330.2654164602429,1
2025-05-12 13:56:19.371393,438.92504794201466,1
2025-05-13 13:56:19.371393,322.3616777399124,1
2025-05-14 13:56:19.371393,318.43522348163697,1
2025-05-15 13:56:19.371393,305.810454745814,1
2025-05-16 13:56:19.371393,294.60631902560687,1
2025-05-17 13:56:19.371393,281.7142924910403,1
2025-05-18 13:56:19.371393,365.5397009119225,1
2025-05-19 13:56:19.371393,396.09666125073545,1
2025-05-20 13:56:19.371393,321.30355514336713,1
2025-05-21 13:56:19.371393,304.978273407374,1
2025-05-22 13:56:19.371393,353.92978346489065,1
2025-05-23 13:56:19.371393,299.774685267081,1
2025-05-24 13:56:19.371393,339.6054816429786,1
2025-05-25 13:56:19.371393,327.1646118655859,1
2025-05-26 13:56:19.371393,260.3379760116826,1
2025-05-27 13:56:19.371393,403.25900389804184,1
2025-05-28 13:56:19.371393,431.65431436182996,1
2025-05-29 13:56:19.371393,318.01819645114944,1
2025-05-30 13:56:19.371393,303.79699336123167,1
2025-05-31 13:56:19.371393,324.59972323601653,1
2025-06-01 13:56:19.371393,331.7930556359971,1
2025-06-02 13:56:19.371393,358.8537978338762,1
2025-06-03 13:56:19.371393,434.142056264894,1
2025-06-04 13:56:19.371393,346.1754990719846,1
2025-06-05 13:56:19.371393,301.33242998973213,1
2025-06-06 13:56:19.371393,257.7156216515573,1
2025-06-07 13:56:19.371393,274.4457916850421,1
2025-06-08 13:56:19.371393,310.4463931521625,1
2025-06-09 13:56:19.371393,408.0497431735155,1
2025-06-10 13:56:19.371393,325.51993809774433,1
2025-06-11 13:56:19.371393,353.5563703162523,1
2025-06-12 13:56:19.371393,337.4648627951158,1
2025-06-13 13:56:19.371393,377.0859274979135,1
2025-06-14 13:56:19.371393,433.19663323137706,1
2025-06-15 13:56:19.371393,304.1330963047021,1
2025-06-16 13:56:19.371393,304.8485347171487,1
2025-06-17 13:56:19.371393,385.6895651768423,1
2025-06-18 13:56:19.371393,380.39799223359546,1
2025-06-19 13:56:19.371393,424.19988496824425,1
2025-06-20 13:56:19.371393,358.76850074972964,1
2025-06-21 13:56:19.371393,301.6947873068278,1
2025-06-22 13:56:19.371393,341.66147387481647,1
2025-06-23 13:56:19.371393,380.72780851371226,1
2025-06-24 13:56:19.371393,383.42195124227266,1
2025-06-25 13:56:19.371393,372.52344520678287,1
2025-06-26 13:56:19.371393,388.5209616389536,1
2025-06-27 13:56:19.371393,381.7521416471877,1
2025-06-28 13:56:19.371393,382.5684500786805,1
2025-06-29 13:56:19.371393,352.57131771238153,1
2025-06-30 13:56:19.371393,324.6168181569793,1
2025-07-01 13:56:19.371393,347.7012699422173,1
2025-07-02 13:56:19.371393,400.62694916982514,1
2025-07-03 13:56:19.371393,306.77884580932056,1
2025-07-04 13:56:19.371393,337.7599273934501,1
2025-07-05 13:56:19.371393,298.4818275018867,1
2025-07-06 13:56:19.371393,316.47422754523484,1
2025-07-07 13:56:19.371393,386.2677565718511,1
2025-07-08 13:56:19.371393,356.07370595510037,1
2025-07-09 13:56:19.371393,349.4709339452645,1
2025-07-10 13:56:19.371393,277.4418231371941,1
2025-07-11 13:56:19.371393,352.0273366981821,1
2025-07-12 13:56:19.371393,346.8656031384396,1
2025-07-13 13:56:19.371393,417.5755506255699,1
2025-07-14 13:56:19.371393,325.2075344896726,1
2025-07-15 13:56:19.371393,351.439990430865,1
2025-07-16 13:56:19.371393,358.3501834927979,1
2025-07-17 13:56:19.371393,410.71867202539886,1
2025-07-18 13:56:19.371393,327.69531215836355,1
2025-07-19 13:56:19.371393,328.1515811927743,1
2025-07-20 13:56:19.371393,345.92302881950064,1
2025-07-21 13:56:19.371393,340.49971342398646,1
2025-07-22 13:56:19.371393,323.2279309246451,1
2025-07-23 13:56:19.371393,353.2507614556158,1
2025-07-24 13:56:19.371393,387.7467609760144,1
2025-07-25 13:56:19.371393,283.70323153734046,1
2025-07-26 13:56:19.371393,317.39003980761623,1
2025-07-27 13:56:19.371393,286.1960950714776,1
2025-07-28 13:56:19.371393,380.1167078087656,1
2025-07-29 13:56:19.371393,278.94573230262677,1
2025-07-30 13:56:19.371393,315.1470087857688,1
2025-07-31 13:56:19.371393,352.80749134324515,1
2025-08-01 13:56:19.371393,397.0610743631069,1
2025-08-02 13:56:19.371393,319.9934270052991,1
2025-08-03 13:56:19.371393,293.1878917623146,1
2025-08-04 13:56:19.371393,411.9008573010576,1
2025-08-05 13:56:19.371393,285.7169324483947,1
2025-08-06 13:56:19.371393,242.23934387966347,1
2025-08-07 13:56:19.371393,348.55284072713147,1
2025-08-08 13:56:19.371393,303.8045878900815,1
2025-08-09 13:56:19.371393,267.8810633353986,1
2025-08-10 13:56:19.371393,345.04667422499017,1
2025-08-11 13:56:19.371393,343.6156995422023,1
2025-08-12 13:56:19.371393,318.8755038080882,1
2025-08-13 13:56:19.371393,287.0977711233459,1
2025-08-14 13:56:19.371393,372.708612971705,1
2025-08-15 13:56:19.371393,358.28165821854634,1
2025-08-16 13:56:19.371393,315.03133326905504,1
2025-08-17 13:56:19.371393,401.19432591202974,1
2025-08-18 13:56:19.371393,290.3156181065251,1
2025-08-19 13:56:19.371393,270.4904013560598,1
2025-08-20 13:56:19.371393,308.9470956736775,1
2025-08-21 13:56:19.371393,333.79159491813454,1
2025-08-22 13:56:19.371393,336.29117862457247,1
2025-08-23 13:56:19.371393,306.64957657619505,1
2025-08-24 13:56:19.371393,333.30997826374187,1
2025-08-25 13:56:19.371393,275.5717237378028,1
2025-08-26 13:56:19.371393,402.84405179409737,1
2025-08-27 13:56:19.371393,349.83152083447163,1
2025-08-28 13:56:19.371393,390.4197205916774,1
2025-08-29 13:56:19.371393,346.63635655940266,1
2025-08-30 13:56:19.371393,339.3036118351333,1
2025-08-31 13:56:19.371393,346.5824165569413,1
2025-09-01 13:56:19.371393,353.5751268564717,1
2025-09-02 13:56:19.371393,374.8075091167057,1
2025-09-03 13:56:19.371393,410.7465334503572,1
2025-09-04 13:56:19.371393,355.2863620683652,1
2025-09-05 13:56:19.371393,359.81554921155663,1
2025-09-06 13:56:19.371393,316.23952999550295,1
2025-09-07 13:56:19.371393,383.6517554577563,1
2025-09-08 13:56:19.371393,306.90752195310813,1
2025-09-09 13:56:19.371393,422.47054391331744,1
2025-09-10 13:56:19.371393,354.1038652950636,1
2025-09-11 13:56:19.371393,276.60376302095773,1
2025-09-12 13:56:19.371393,326.0168188863186,1
2025-09-13 13:56:19.371393,286.4604386195347,1
2025-09-14 13:56:19.371393,353.9075313294256,1
2025-09-15 13:56:19.371393,305.21267406433424,1
2025-09-16 13:56:19.371393,321.3904851487881,1
2025-09-17 13:56:19.371393,260.98363430505725,1
2025-09-18 13:56:19.371393,311.53283515106114,1
2025-09-19 13:56:19.371393,214.88045773004066,1
2025-09-20 13:56:19.371393,234.92850003341954,1
2025-09-21 13:56:19.371393,345.35403729281467,1
2025-09-22 13:56:19.371393,369.296410868568,1
2025-09-23 13:56:19.371393,367.23270360419974,1
2025-09-24 13:56:19.371393,307.29326260233273,1
2025-09-25 13:56:19.371393,334.5805713206083,1
2025-09-26 13:56:19.371393,326.30768678622314,1
2025-09-27 13:56:19.371393,265.43043898223095,1
2025-09-28 13:56:19.371393,382.048495240725,1
2025-09-29 13:56:19.371393,377.2961525999782,1
2025-09-30 13:56:19.371393,339.15369967468337,1
2025-10-01 13:56:19.371393,349.4191514049497,1
2025-10-02 13:56:19.371393,350.5273975848977,1
2025-10-03 13:56:19.371393,236.39641459263328,1
2025-10-04 13:56:19.371393,297.6527405631092,1
2025-10-05 13:56:19.371393,287.13851065938996,1
2025-10-06 13:56:19.371393,283.4609506206679,1
2025-10-07 13:56:19.371393,327.274054119219,1
2025-10-08 13:56:19.371393,428.127217802878,1
2025-10-09 13:56:19.371393,378.0689066240664,1
2025-10-10 13:56:19.371393,305.53558003541764,1
2025-10-11 13:56:19.371393,341.66586448184177,1
